Rk,I,Player,Split,Year,G,PA,GS,AB,R,H,2B,3B,HR,RBI,SB,CS,BB,SO,BA,OBP,SLG,OPS,TB,GDP,HBP,SH,SF,IBB,ROE,BAbip,tOPS+,sOPS+
1,,Jonathan Villar\villajo01,vs LHP,2019,111,247,,227,30,60,9,1,9,25,9,5,16,66,0.264,0.31,0.432,0.742,98,5,0,1,2,0,1,0.331,87,93
2,,Charlie Blackmon\blackch02,vs LHP,2019,89,234,,215,42,66,15,1,14,29,0,1,12,42,0.307,0.359,0.581,0.94,125,4,6,0,1,0,1,0.325,100,141
3,,Cody Bellinger\bellico01,vs LHP,2019,112,228,,193,36,54,7,0,18,44,5,1,34,38,0.28,0.386,0.596,0.982,115,7,0,0,1,5,0,0.261,90,153
4,,Hanser Alberto\alberha01,vs LHP,2019,92,227,,221,31,88,11,2,5,20,2,3,6,25,0.398,0.414,0.534,0.948,118,1,0,0,0,1,2,0.435,152,147
5,,Francisco Lindor\lindofr01,vs LHP,2019,86,223,,198,38,51,11,0,8,24,8,1,23,32,0.258,0.341,0.434,0.775,86,3,2,0,0,1,2,0.272,86,102
6,,Carlos Santana\santaca01,vs LHP,2019,93,222,,185,34,60,9,0,11,40,2,0,34,34,0.324,0.428,0.551,0.979,102,5,1,0,2,3,2,0.345,115,155
7,,Renato Nunez\nunezre01,vs LHP,2019,96,221,,200,34,54,9,0,13,38,0,0,14,44,0.27,0.326,0.51,0.836,102,4,4,0,3,1,1,0.281,116,115
8,,Juan Soto\sotoju01,vs LHP,2019,117,221,,186,28,53,12,3,6,33,3,0,28,43,0.285,0.371,0.478,0.85,89,5,1,0,6,1,2,0.329,80,122
9,,Rafael Devers\deverra01,vs LHP,2019,102,219,,208,37,56,15,0,7,29,0,1,6,42,0.269,0.301,0.442,0.744,92,1,4,0,1,0,4,0.306,63,92
10,,Trey Mancini\mancitr01,vs LHP,2019,90,219,,191,40,53,15,0,12,26,0,0,22,47,0.277,0.365,0.545,0.91,104,9,5,0,1,2,3,0.308,102,135
11,,Bryce Harper\harpebr03,vs LHP,2019,97,213,,187,35,53,11,0,15,44,2,1,22,53,0.283,0.366,0.583,0.949,109,3,3,0,1,0,1,0.317,113,144
12,,Jorge Polanco\polanjo01,vs LHP,2019,103,211,,196,25,53,10,1,6,24,1,1,10,43,0.27,0.305,0.423,0.728,83,9,1,1,3,0,3,0.313,73,89
13,,Whit Merrifield\merriwh01,vs LHP,2019,97,208,,193,34,54,14,1,8,28,10,2,14,32,0.28,0.327,0.487,0.814,94,2,0,0,1,2,2,0.299,99,110
14,,Randal Grichuk\grichra01,vs LHP,2019,91,206,,188,24,47,9,3,9,26,1,0,16,46,0.25,0.311,0.473,0.784,89,3,1,0,1,0,2,0.284,115,102
15,,David Fletcher\fletcda02,vs LHP,2019,84,203,,181,33,50,9,1,3,12,1,1,21,11,0.276,0.35,0.387,0.736,70,1,0,0,1,2,3,0.28,101,95
16,,Marcus Semien\semiema01,vs LHP,2019,82,203,,178,31,55,14,3,7,22,0,3,25,24,0.309,0.394,0.539,0.933,96,1,0,0,0,1,1,0.327,110,142
17,,Eduardo Escobar\escobed01,vs LHP,2019,92,202,,191,30,57,12,2,11,35,1,0,8,35,0.298,0.327,0.555,0.882,106,2,1,0,2,0,3,0.313,111,126
18,,Christian Yelich\yelicch01,vs LHP,2019,92,202,,173,32,48,10,1,12,24,9,0,25,37,0.277,0.381,0.555,0.936,96,5,4,0,0,5,2,0.29,72,142
19,,Willy Adames\adamewi01,vs LHP,2019,102,198,,182,18,33,5,0,8,15,1,1,13,55,0.181,0.235,0.341,0.575,62,3,0,2,1,0,3,0.208,56,49
20,,Elvis Andrus\andruel01,vs LHP,2019,87,198,,182,25,50,9,2,4,22,9,1,12,30,0.275,0.318,0.412,0.73,75,4,1,0,3,1,3,0.305,106,90
21,,Ian Desmond\desmoia01,vs LHP,2019,84,198,,182,27,54,14,2,14,38,1,3,15,38,0.297,0.35,0.626,0.977,114,6,0,1,0,1,1,0.308,144,149
22,,Mookie Betts\bettsmo01,vs LHP,2019,82,197,,166,37,45,13,0,6,13,1,0,30,22,0.271,0.381,0.458,0.839,76,3,0,0,1,4,2,0.281,85,120
23,,Tommy Pham\phamth01,vs LHP,2019,82,197,,159,27,54,13,0,3,12,8,2,37,35,0.34,0.467,0.478,0.945,76,7,1,0,0,3,2,0.421,133,151
24,,Leury Garcia\garcile02,vs LHP,2019,77,196,,183,30,57,13,1,3,14,4,0,6,34,0.311,0.344,0.443,0.786,81,5,3,4,0,0,3,0.37,128,105
25,,Alex Bregman\bregmal01,vs LHP,2019,83,194,,163,36,57,14,1,16,38,1,0,28,23,0.35,0.443,0.742,1.186,121,3,1,0,2,2,0,0.325,130,203
26,,Yasmani Grandal\grandya01,vs LHP,2019,99,194,,155,26,40,7,1,11,25,2,0,37,43,0.258,0.397,0.529,0.926,82,8,0,0,2,1,0,0.282,118,141
27,,Michael Conforto\confomi01,vs LHP,2019,99,193,,174,17,42,7,0,6,26,1,1,15,50,0.241,0.316,0.385,0.701,67,6,4,0,0,0,2,0.305,65,84
28,,Nolan Arenado\arenano01,vs LHP,2019,77,190,,162,34,51,7,1,13,30,1,2,27,29,0.315,0.416,0.611,1.027,99,1,1,0,0,6,2,0.317,115,165
29,,Kole Calhoun\calhoko01,vs LHP,2019,95,189,,165,23,35,5,0,10,27,1,0,23,44,0.212,0.312,0.424,0.736,70,5,1,0,0,0,3,0.225,87,91
30,,Shin-Soo Choo\choosh01,vs LHP,2019,86,189,,166,26,38,4,0,6,19,4,0,14,53,0.229,0.317,0.361,0.679,60,2,8,0,1,0,3,0.296,65,79
31,,Rougned Odor\odorro01,vs LHP,2019,87,189,,165,27,39,14,0,9,32,4,2,21,57,0.236,0.33,0.485,0.815,80,2,2,1,0,0,1,0.303,127,111
32,,Andrew Benintendi\beninan01,vs LHP,2019,89,188,,160,20,43,12,0,5,27,0,1,21,43,0.269,0.358,0.438,0.796,70,2,3,1,3,0,1,0.33,106,109
33,,Jackie Bradley Jr.\bradlja02,vs LHP,2019,96,188,,164,19,35,8,0,4,16,3,1,16,56,0.213,0.305,0.335,0.64,55,3,6,1,1,1,2,0.295,76,69
34,,Rhys Hoskins\hoskirh01,vs LHP,2019,88,188,,138,27,36,9,1,9,27,1,0,45,38,0.261,0.444,0.536,0.98,74,3,2,0,2,4,3,0.29,140,157
35,,Trevor Story\storytr01,vs LHP,2019,72,187,,172,27,54,14,1,9,24,8,4,13,49,0.314,0.369,0.564,0.933,97,0,2,0,0,0,0,0.395,104,140
36,,Cesar Hernandez\hernace02,vs LHP,2019,95,185,,171,14,45,9,0,1,16,1,1,12,22,0.263,0.308,0.333,0.641,57,4,0,0,2,1,2,0.293,74,69
37,,Corey Seager\seageco01,vs LHP,2019,93,185,,167,19,40,8,0,6,24,0,0,14,44,0.24,0.308,0.395,0.703,66,2,3,0,1,0,0,0.288,74,84
38,,Xander Bogaerts\bogaexa01,vs LHP,2019,83,184,,165,31,48,13,0,10,37,2,0,18,35,0.291,0.359,0.552,0.91,91,3,0,0,1,2,5,0.314,93,135
39,,Michael Brantley\brantmi02,vs LHP,2019,88,184,,163,17,46,8,0,3,22,1,2,15,27,0.282,0.353,0.387,0.74,63,6,4,0,2,0,1,0.319,72,95
40,,Mike Trout\troutmi01,vs LHP,2019,76,184,,143,27,38,10,1,10,26,2,0,38,39,0.266,0.429,0.559,0.989,80,1,3,0,0,4,1,0.298,85,158
41,,Freddy Galvis\galvifr01,vs LHP,2019,82,183,,180,16,51,13,0,4,19,2,0,3,38,0.283,0.295,0.422,0.717,76,7,0,0,0,0,2,0.341,96,86
42,,José Abreu\abreujo02,vs LHP,2019,74,182,,164,27,59,11,0,9,31,0,1,12,31,0.36,0.418,0.591,1.009,97,7,5,0,1,1,1,0.4,144,162
43,,Mike Moustakas\moustmi01,vs LHP,2019,94,181,,163,22,45,9,0,11,27,0,0,13,27,0.276,0.343,0.534,0.876,87,4,4,0,1,1,5,0.27,108,126
44,,Max Muncy\muncyma01,vs LHP,2019,89,181,,157,30,42,6,1,11,38,2,1,19,52,0.268,0.365,0.529,0.893,83,1,5,0,0,0,2,0.33,100,131
45,,Albert Pujols\pujolal01,vs LHP,2019,76,181,,165,20,43,9,0,11,37,1,0,14,22,0.261,0.315,0.515,0.83,85,7,0,0,2,1,2,0.239,123,113
46,,Matt Chapman\chapmma01,vs LHP,2019,78,179,,154,29,36,8,1,11,25,0,0,23,35,0.234,0.335,0.513,0.848,79,3,1,0,1,0,3,0.229,99,119
47,,Chad Pinder\pindech01,vs LHP,2019,82,179,,163,23,41,9,0,7,27,0,0,12,39,0.252,0.313,0.436,0.748,71,6,3,0,1,0,2,0.288,113,94
48,,Justin Turner\turneju01,vs LHP,2019,82,179,,160,27,46,11,0,12,23,0,0,15,35,0.288,0.358,0.581,0.939,93,4,3,0,1,1,1,0.298,110,141
49,,Pete Alonso\alonspe01,vs LHP,2019,89,178,,150,26,36,8,1,14,35,0,0,24,57,0.24,0.354,0.587,0.941,88,4,3,0,1,2,3,0.275,100,141
50,,Lorenzo Cain\cainlo01,vs LHP,2019,71,178,,159,26,42,7,0,6,14,9,1,16,30,0.264,0.326,0.421,0.747,67,5,0,0,3,0,3,0.286,114,95
51,,Avisail Garcia\garciav01,vs LHP,2019,73,177,,162,22,43,7,1,7,19,0,1,14,40,0.265,0.328,0.451,0.778,73,7,1,0,0,1,2,0.313,96,102
52,,Yuli Gurriel\gourryu01,vs LHP,2019,85,177,,158,23,38,15,1,7,23,2,1,18,12,0.241,0.322,0.481,0.803,76,4,1,0,0,1,1,0.223,83,107
53,,DJ LeMahieu\lemahdj01,vs LHP,2019,69,177,,160,32,60,11,0,10,31,3,1,17,23,0.375,0.435,0.631,1.066,101,2,0,0,0,0,1,0.394,138,176
54,,Austin Meadows\meadoau01,vs LHP,2019,89,177,,167,17,46,8,3,9,32,2,2,9,53,0.275,0.316,0.521,0.837,87,0,1,0,0,0,0,0.352,80,115
55,,Ryan Braun\braunry02,vs LHP,2019,81,176,,157,22,45,13,1,10,25,3,0,16,27,0.287,0.36,0.573,0.933,90,6,2,0,0,1,0,0.292,118,140
56,,Alex Gordon\gordoal01,vs LHP,2019,93,176,,153,17,38,8,0,3,22,2,0,13,31,0.248,0.331,0.359,0.691,55,5,7,1,2,0,2,0.289,87,82
57,,Enrique Hernandez\hernaen02,vs LHP,2019,81,176,,156,24,41,4,0,7,21,3,0,16,28,0.263,0.335,0.423,0.758,66,2,2,0,2,3,1,0.276,113,98
58,,Joey Votto\vottojo01,vs LHP,2019,85,176,,152,16,37,7,0,1,10,2,0,22,44,0.243,0.347,0.309,0.656,47,3,2,0,0,0,3,0.336,72,76
59,,Freddie Freeman\freemfr01,vs LHP,2019,86,175,,161,30,41,6,0,8,24,0,0,11,44,0.255,0.309,0.441,0.75,71,4,2,0,1,0,0,0.3,60,94
60,,Oscar Mercado\mercaos01,vs LHP,2019,69,175,,156,24,41,9,0,7,21,9,0,12,33,0.263,0.32,0.455,0.775,71,2,2,3,2,0,0,0.288,103,101
61,,Jose Ramirez\ramirjo01,vs LHP,2019,75,175,,156,23,42,9,0,7,24,7,0,15,14,0.269,0.326,0.462,0.787,72,3,0,0,4,1,2,0.252,96,104
62,,Starlin Castro\castrst01,vs LHP,2019,87,174,,164,20,53,7,0,9,21,0,0,8,28,0.323,0.351,0.53,0.881,87,5,0,0,2,1,0,0.341,139,127
63,,Ketel Marte\marteke01,vs LHP,2019,78,174,,165,30,55,11,1,12,31,2,0,7,22,0.333,0.368,0.63,0.998,104,3,2,0,0,2,0,0.328,101,155
64,,Kevin Pillar\pillake01,vs LHP,2019,87,174,,162,22,45,12,0,9,29,4,3,8,15,0.278,0.305,0.519,0.823,84,3,0,0,4,4,2,0.254,126,111
65,,Christian Walker\walkech02,vs LHP,2019,80,174,,145,23,35,8,0,6,14,1,0,28,40,0.241,0.368,0.421,0.789,61,5,1,0,0,1,2,0.293,94,108
66,,Matt Olson\olsonma02,vs LHP,2019,74,173,,157,22,35,7,0,11,27,0,0,9,41,0.223,0.289,0.478,0.767,75,7,6,0,1,0,1,0.226,70,97
67,,Christian Vazquez\vazquch01,vs LHP,2019,83,173,,158,30,45,10,0,11,28,2,0,13,26,0.285,0.337,0.557,0.894,88,7,0,1,1,2,2,0.279,122,129
68,,Anthony Rendon\rendoan01,vs LHP,2019,82,171,,136,38,43,9,1,10,26,3,0,26,27,0.316,0.433,0.618,1.05,84,0,5,0,4,7,2,0.32,108,172
69,,Adam Jones\jonesad01,vs LHP,2019,74,170,,157,21,41,11,1,4,22,0,0,10,33,0.261,0.306,0.42,0.726,66,3,1,0,2,1,3,0.303,99,89
70,,J.D. Martinez\martijd02,vs LHP,2019,77,170,,141,38,57,9,1,19,40,1,0,25,31,0.404,0.494,0.887,1.381,125,7,2,0,2,5,0,0.409,188,252
71,,Eric Hosmer\hosmeer01,vs LHP,2019,93,168,,156,12,36,9,1,1,16,0,0,11,33,0.231,0.28,0.321,0.6,50,8,0,0,1,0,0,0.285,66,58
72,,Jason Kipnis\kipnija01,vs LHP,2019,74,168,,155,17,38,6,0,3,15,0,0,9,26,0.245,0.291,0.342,0.633,53,1,1,3,0,0,4,0.278,79,66
73,,Josh Bell\belljo02,vs LHP,2019,85,166,,143,18,32,5,0,9,25,0,1,17,42,0.224,0.313,0.448,0.761,64,6,3,0,3,2,1,0.242,64,97
74,,Yoan Moncada\moncayo01,vs LHP,2019,70,165,,154,19,46,15,2,4,25,3,2,9,49,0.299,0.345,0.5,0.845,77,1,2,0,0,1,1,0.416,85,119
75,,Mallex Smith\smithma05,vs LHP,2019,70,165,,148,27,39,5,2,1,8,19,5,14,37,0.264,0.339,0.345,0.684,51,5,3,0,0,0,4,0.345,116,82
76,,Jorge Soler\solerjo01,vs LHP,2019,78,165,,143,24,37,8,1,9,30,2,0,19,45,0.259,0.352,0.517,0.869,74,5,2,0,1,0,1,0.311,90,125
77,,Teoscar Hernandez\hernate01,vs LHP,2019,82,164,,142,20,35,7,2,8,25,2,1,21,49,0.246,0.341,0.493,0.834,70,2,0,0,1,1,1,0.314,116,116
78,,Max Kepler\keplema01,vs LHP,2019,89,163,,147,21,43,7,0,9,36,0,1,13,24,0.293,0.356,0.524,0.88,77,3,2,0,1,0,0,0.296,107,127
79,,Richie Martin\martiri01,vs LHP,2019,72,163,,148,11,36,4,1,3,13,6,1,9,36,0.243,0.298,0.345,0.643,51,3,3,2,1,0,3,0.3,122,69
80,,Ryan McMahon\mcmahry01,vs LHP,2019,78,162,,152,20,39,5,0,10,28,1,0,9,56,0.257,0.298,0.487,0.785,74,5,0,1,0,0,0,0.337,99,101
81,,Amed Rosario\rosaram01,vs LHP,2019,73,162,,148,29,46,12,1,6,18,3,2,12,32,0.311,0.36,0.527,0.887,78,4,0,1,1,0,0,0.36,133,129
82,,Eddie Rosario\rosared01,vs LHP,2019,79,162,,153,21,43,11,0,5,27,0,0,8,23,0.281,0.315,0.451,0.766,69,2,0,0,1,0,2,0.302,95,98
83,,Chris Taylor\tayloch03,vs LHP,2019,72,162,,141,20,36,14,1,7,24,2,0,19,42,0.255,0.342,0.518,0.859,73,4,0,1,1,3,1,0.312,115,122
84,,Evan Longoria\longoev01,vs LHP,2019,78,161,,140,18,40,7,1,6,24,1,0,18,27,0.286,0.373,0.479,0.851,67,5,2,0,1,1,1,0.315,124,122
85,,Nick Ahmed\ahmedni01,vs LHP,2019,79,159,,141,26,44,15,1,6,24,1,0,16,23,0.312,0.377,0.56,0.938,79,4,0,0,2,1,1,0.333,148,142
86,,Brandon Belt\beltbr01,vs LHP,2019,84,159,,133,15,28,7,0,3,12,0,0,23,40,0.211,0.333,0.331,0.664,44,2,2,0,1,0,0,0.275,80,77
87,,Victor Robles\roblevi01,vs LHP,2019,86,159,,137,21,34,9,1,3,13,12,4,8,32,0.248,0.346,0.394,0.74,54,2,13,0,1,0,4,0.301,100,95
88,,J.T. Realmuto\realmjt01,vs LHP,2019,74,158,,145,26,40,12,0,8,22,4,0,9,34,0.276,0.323,0.524,0.847,76,2,2,0,2,2,3,0.305,105,117
89,,Ozzie Albies\albieoz01,vs LHP,2019,75,157,,149,29,58,9,1,11,33,3,0,6,20,0.389,0.414,0.685,1.099,102,0,1,0,1,0,2,0.395,155,182
90,,Mark Canha\canhama01,vs LHP,2019,70,157,,131,23,29,4,1,8,15,1,1,23,27,0.221,0.35,0.45,0.801,59,1,3,0,0,0,2,0.219,75,109
91,,Josh Donaldson\donaljo02,vs LHP,2019,81,157,,121,23,26,7,0,7,15,1,0,32,42,0.215,0.395,0.446,0.841,54,4,4,0,0,1,4,0.264,90,122
92,,Adam Eaton\eatonad02,vs LHP,2019,80,157,,138,27,40,7,3,2,10,4,2,12,28,0.29,0.359,0.428,0.787,59,0,3,4,0,0,1,0.352,98,107
93,,Bryan Reynolds\reynobr01,vs LHP,2019,76,157,,144,20,38,10,0,5,17,0,0,9,36,0.264,0.318,0.438,0.756,63,4,3,0,1,0,1,0.317,71,96
94,,Danny Santana\santada01,vs LHP,2019,72,157,,145,26,40,8,1,9,27,6,2,10,51,0.276,0.325,0.531,0.856,77,2,1,0,1,0,2,0.36,100,120
95,,Gleyber Torres\torregl01,vs LHP,2019,70,157,,140,27,40,9,0,9,23,0,1,15,37,0.286,0.359,0.543,0.902,76,2,1,1,0,0,0,0.33,108,133
96,,Adam Frazier\fraziad01,vs LHP,2019,83,156,,143,14,37,8,2,1,11,0,2,9,22,0.259,0.307,0.364,0.671,52,1,1,3,0,1,3,0.3,79,76
97,,Jeff McNeil\mcneije01,vs LHP,2019,79,156,,141,17,44,10,0,3,16,3,2,9,20,0.312,0.378,0.447,0.825,63,0,6,0,0,0,0,0.347,83,117
98,,Eugenio Suarez\suareeu01,vs LHP,2019,75,156,,123,24,34,4,0,11,24,2,1,30,49,0.276,0.417,0.577,0.994,71,1,1,0,2,3,0,0.354,117,158
99,,J.D. Davis\davisjd01,vs LHP,2019,69,155,,141,26,44,8,0,8,17,1,0,14,28,0.312,0.374,0.539,0.913,76,6,0,0,0,2,2,0.343,104,136
100,,Jordan Luplow\luplojo01,vs LHP,2019,68,155,,128,31,41,10,1,14,30,2,2,26,32,0.32,0.439,0.742,1.181,95,3,1,0,0,0,0,0.329,153,202
101,,Pedro Severino\severpe01,vs LHP,2019,64,155,,143,21,39,7,0,8,25,0,0,10,33,0.273,0.323,0.49,0.812,70,3,1,0,1,0,0,0.301,117,110
102,,Yasiel Puig\puigya01,vs LHP,2019,73,154,,136,17,38,6,0,5,23,3,1,14,30,0.279,0.357,0.434,0.791,59,4,3,0,1,1,1,0.324,104,107
103,,Justin Smoak\smoakju01,vs LHP,2019,72,154,,132,14,29,7,0,3,16,0,0,20,22,0.22,0.331,0.341,0.672,45,5,2,0,0,0,2,0.243,81,78
104,,Roberto Perez\perezro02,vs LHP,2019,73,153,,129,20,34,2,1,9,19,0,0,20,43,0.264,0.36,0.504,0.864,65,3,0,3,1,1,0,0.321,124,124
105,,George Springer\springe01,vs LHP,2019,59,153,,125,25,34,3,1,8,18,2,1,24,32,0.272,0.399,0.504,0.903,63,3,3,0,1,0,1,0.302,90,136
106,,Tim Anderson\anderti01,vs LHP,2019,60,151,,144,28,47,9,0,5,17,4,1,6,28,0.326,0.351,0.493,0.844,71,0,0,0,1,0,2,0.375,95,119
107,,Anthony Rizzo\rizzoan01,vs LHP,2019,79,151,,124,19,31,5,0,6,30,1,1,15,20,0.25,0.371,0.435,0.806,54,5,10,0,2,0,0,0.25,75,112
108,,Travis d'Arnaud\darnatr01,vs LHP,2019,67,150,,134,19,37,7,0,10,27,0,1,13,32,0.276,0.333,0.552,0.886,74,1,0,0,3,0,1,0.284,134,127
109,,Khris Davis\daviskh01,vs LHP,2019,67,150,,130,25,37,0,0,11,25,0,0,19,28,0.285,0.38,0.538,0.918,70,1,1,0,0,1,2,0.286,169,138
110,,Miguel Rojas\rojasmi02,vs LHP,2019,67,150,,138,13,41,6,0,3,14,0,2,10,11,0.297,0.347,0.406,0.752,56,5,1,0,1,2,1,0.304,112,98
111,,Gio Urshela\urshegi01,vs LHP,2019,67,150,,142,22,43,10,0,8,23,0,0,6,28,0.303,0.333,0.542,0.876,77,4,1,0,1,1,0,0.327,95,124
112,,Eloy Jimenez\jimenel02,vs LHP,2019,63,149,,135,21,35,6,0,7,20,0,0,11,45,0.259,0.322,0.459,0.781,62,4,2,0,1,0,2,0.333,92,102
113,,Brandon Crawford\crawfbr01,vs LHP,2019,85,148,,140,14,33,7,1,1,9,1,1,7,28,0.236,0.277,0.321,0.598,45,3,1,0,0,0,2,0.288,83,57
114,,Brandon Drury\drurybr01,vs LHP,2019,67,148,,143,17,33,8,1,3,10,0,0,5,39,0.231,0.257,0.364,0.62,52,2,0,0,0,0,1,0.297,94,61
115,,Kyle Seager\seageky01,vs LHP,2019,73,147,,130,19,37,6,0,11,25,0,1,14,27,0.285,0.361,0.585,0.945,76,5,2,0,1,0,0,0.28,138,143
116,,Jean Segura\segurje01,vs LHP,2019,67,147,,135,34,39,17,1,6,18,1,1,9,17,0.289,0.342,0.563,0.905,76,3,2,1,0,1,0,0.295,140,132
117,,Ronald Acuna Jr.\acunaro01,vs LHP,2019,66,146,,126,29,34,2,1,10,24,5,2,15,38,0.27,0.361,0.54,0.901,68,1,3,0,0,1,2,0.308,103,133
118,,Manny Machado\machama01,vs LHP,2019,71,146,,127,19,40,6,1,13,27,2,2,18,26,0.315,0.404,0.685,1.089,87,5,1,0,0,1,0,0.307,169,179
119,,Daniel Vogelbach\vogelda01,vs LHP,2019,78,146,,124,18,20,4,0,5,17,0,0,20,40,0.161,0.288,0.315,0.602,39,0,2,0,0,0,1,0.19,56,59
120,,Jesus Aguilar\aguilje01,vs LHP,2019,69,145,,123,11,29,4,0,4,13,0,0,18,32,0.236,0.329,0.366,0.695,45,4,0,0,2,0,1,0.281,95,83
121,,Cavan Biggio\biggica01,vs LHP,2019,70,145,,118,19,28,5,1,3,10,1,0,23,41,0.237,0.368,0.373,0.741,44,0,2,0,1,0,1,0.333,88,97
122,,Vladimir Guerrero Jr.\guerrvl02,vs LHP,2019,66,145,,130,17,28,5,0,4,15,0,0,15,23,0.215,0.297,0.346,0.643,45,6,0,0,0,0,1,0.233,68,69
123,,Anthony Santander\santaan02,vs LHP,2019,64,145,,136,18,37,4,0,9,28,1,1,7,37,0.272,0.31,0.5,0.81,68,1,1,0,1,0,2,0.308,109,108
124,,Franmil Reyes\reyesfr01,vs LHP,2019,71,144,,125,20,35,9,0,7,23,0,0,17,39,0.28,0.361,0.52,0.881,65,5,0,0,2,1,0,0.346,118,128
125,,Jose Altuve\altuvjo01,vs LHP,2019,56,143,,130,27,43,10,1,11,22,2,1,9,16,0.331,0.38,0.677,1.057,88,5,2,1,1,0,1,0.308,131,169
126,,C.J. Cron\croncj01,vs LHP,2019,60,143,,129,23,42,7,0,11,31,0,0,10,27,0.326,0.385,0.636,1.02,82,4,3,0,1,3,1,0.337,159,162
127,,Domingo Santana\santado01,vs LHP,2019,66,143,,122,21,29,5,0,8,19,2,2,20,48,0.238,0.345,0.475,0.82,58,2,0,0,0,1,2,0.318,113,113
128,,Todd Frazier\frazito01,vs LHP,2019,63,142,,126,17,37,7,0,8,21,0,0,13,30,0.294,0.373,0.54,0.913,68,3,3,0,0,0,0,0.33,135,136
129,,Brett Gardner\gardnbr01,vs LHP,2019,77,142,,132,19,28,6,1,5,17,0,1,9,32,0.212,0.268,0.386,0.654,51,1,1,0,0,0,0,0.242,59,69
130,,Adalberto Mondesi\mondera02,vs LHP,2019,68,141,,133,15,34,4,1,3,16,14,5,3,37,0.256,0.266,0.368,0.635,49,4,0,2,3,0,3,0.323,78,65
131,,Asdrubal Cabrera\cabreas01,vs LHP,2019,73,140,,117,13,31,8,0,3,23,1,0,19,20,0.265,0.357,0.41,0.767,48,2,0,0,4,0,2,0.286,97,102
132,,Nelson Cruz\cruzne02,vs LHP,2019,62,140,,115,26,37,5,0,16,29,0,0,20,29,0.322,0.424,0.783,1.207,90,1,2,0,2,8,0,0.292,131,207
133,,Starling Marte\martest01,vs LHP,2019,70,140,,134,18,36,8,2,6,16,7,2,2,28,0.269,0.281,0.493,0.773,66,3,1,1,2,1,3,0.294,80,98
134,,Kevin Newman\newmake01,vs LHP,2019,63,139,,126,21,36,5,2,1,5,2,3,9,12,0.286,0.348,0.381,0.729,48,1,3,1,0,1,4,0.31,84,93
135,,Hunter Dozier\doziehu01,vs LHP,2019,67,138,,121,19,34,4,2,8,20,0,2,17,33,0.281,0.37,0.545,0.915,66,2,0,0,0,2,0,0.325,111,136
136,,James McCann\mccanja02,vs LHP,2019,59,137,,122,21,36,12,0,4,17,1,0,13,36,0.295,0.372,0.492,0.864,60,4,2,0,0,0,3,0.39,120,125
137,,Brian Dozier\doziebr01,vs LHP,2019,67,136,,118,19,33,8,0,7,19,1,0,18,28,0.28,0.375,0.525,0.9,62,4,0,0,0,2,1,0.313,132,133
138,,Orlando Arcia\arciaor01,vs LHP,2019,67,135,,121,15,29,3,1,4,10,1,2,11,24,0.24,0.304,0.38,0.684,46,5,1,0,2,0,1,0.263,116,79
139,,Ramon Laureano\laurera01,vs LHP,2019,66,135,,125,25,37,9,0,6,17,4,1,5,31,0.296,0.326,0.512,0.838,64,0,2,0,3,0,1,0.341,94,116
140,,Nomar Mazara\mazarno01,vs LHP,2019,63,135,,127,21,28,2,1,6,20,1,0,5,33,0.22,0.252,0.394,0.646,50,3,1,0,2,0,2,0.244,63,66
141,,Daniel Murphy\murphda08,vs LHP,2019,69,135,,122,16,39,11,1,3,17,0,0,11,27,0.32,0.381,0.5,0.881,61,0,1,0,0,0,1,0.391,127,130
142,,Delino DeShields\deshide02,vs LHP,2019,58,134,,124,23,34,8,2,4,14,9,4,8,37,0.274,0.323,0.468,0.791,58,0,1,1,0,0,2,0.361,134,105
143,,Hunter Renfroe\renfrhu01,vs LHP,2019,70,133,,113,20,27,3,1,11,19,1,0,17,31,0.239,0.331,0.575,0.906,65,2,0,0,3,1,0,0.216,132,131
144,,Luis Rengifo\rengilu01,vs LHP,2019,68,133,,121,15,27,5,1,2,10,0,2,9,31,0.223,0.278,0.331,0.609,40,1,1,0,2,0,5,0.278,78,60
145,,Buster Posey\poseybu01,vs LHP,2019,62,132,,126,12,29,11,0,0,9,0,0,4,14,0.23,0.258,0.317,0.575,40,6,1,0,1,0,1,0.257,67,51
146,,Stevie Wilkerson\wilkest01,vs LHP,2019,67,132,,117,11,18,5,0,1,9,0,1,9,47,0.154,0.242,0.222,0.465,26,2,5,0,1,0,0,0.243,43,24
147,,Yordan Álvarez\alvaryo01,vs LHP,2019,61,131,,114,14,35,12,0,9,25,0,0,14,30,0.307,0.389,0.649,1.038,74,3,2,0,1,0,2,0.342,94,166
148,,Logan Forsythe\forsylo01,vs LHP,2019,63,131,,114,13,21,8,1,1,11,2,0,16,39,0.184,0.285,0.298,0.583,34,1,0,0,0,0,1,0.27,72,55
149,,Yolmer Sanchez\sanchca01,vs LHP,2019,68,131,,120,14,35,7,1,1,10,1,1,10,24,0.292,0.346,0.392,0.738,47,3,0,1,0,0,2,0.358,131,94
150,,Paul DeJong\dejonpa01,vs LHP,2019,64,130,,113,19,25,7,0,3,10,3,0,15,33,0.221,0.315,0.363,0.678,41,3,1,0,1,0,3,0.282,81,78
151,,Kevin Kiermaier\kiermke01,vs LHP,2019,72,130,,122,16,38,7,0,3,17,5,2,5,28,0.311,0.341,0.443,0.784,54,3,1,1,1,0,0,0.38,134,104
152,,Tom Murphy\murphto04,vs LHP,2019,55,130,,118,18,41,6,1,11,25,1,0,11,37,0.347,0.408,0.695,1.103,82,0,1,0,0,0,0,0.429,156,182
153,,Kris Bryant\bryankr01,vs LHP,2019,58,129,,105,23,31,6,1,9,20,1,0,23,28,0.295,0.426,0.629,1.055,66,3,1,0,0,1,0,0.324,132,173
154,,Mitch Garver\garvemi01,vs LHP,2019,58,129,,106,34,34,6,1,12,23,0,0,19,27,0.321,0.434,0.736,1.17,78,1,3,0,1,0,1,0.324,136,199
155,,José Iglesias\iglesjo01,vs LHP,2019,64,129,,122,16,33,2,1,3,13,0,2,6,14,0.27,0.31,0.377,0.687,46,5,1,0,0,0,0,0.286,90,80
156,,Scott Kingery\kingesc01,vs LHP,2019,65,129,,123,17,36,10,1,7,13,1,3,5,40,0.293,0.318,0.561,0.879,69,0,0,0,1,1,0,0.377,119,124
157,,Jake Bauers\bauerja01,vs LHP,2019,63,128,,117,13,27,4,0,5,14,0,2,9,36,0.231,0.289,0.393,0.682,46,0,1,0,1,0,0,0.286,99,77
158,,Edwin Encarnacion\encared01,vs LHP,2019,54,128,,106,23,26,4,0,11,22,0,0,21,22,0.245,0.375,0.594,0.969,63,2,1,0,0,1,2,0.205,121,149
159,,Danny Jansen\janseda01,vs LHP,2019,65,128,,116,13,26,6,0,6,15,0,1,12,25,0.224,0.297,0.431,0.728,50,3,0,0,0,1,1,0.235,126,88
160,,Trea Turner\turnetr01,vs LHP,2019,56,128,,117,21,37,9,0,2,6,8,1,10,23,0.316,0.367,0.444,0.812,52,1,0,0,1,2,0,0.376,93,113
161,,Melky Cabrera\cabreme01,vs LHP,2019,59,127,,126,14,34,6,0,3,16,0,0,1,14,0.27,0.276,0.389,0.664,49,5,0,0,0,0,4,0.284,86,72
162,,Dexter Fowler\fowlede01,vs LHP,2019,69,127,,108,15,23,3,0,4,13,0,0,18,27,0.213,0.331,0.352,0.683,38,2,1,0,0,0,0,0.247,82,81
163,,Paul Goldschmidt\goldspa01,vs LHP,2019,60,127,,104,24,28,2,1,9,24,1,1,22,24,0.269,0.394,0.567,0.961,59,1,0,0,1,1,2,0.264,133,149
164,,David Peralta\peralda01,vs LHP,2019,63,127,,113,14,28,7,1,2,15,0,0,11,31,0.248,0.323,0.381,0.703,43,2,2,0,1,0,3,0.321,77,85
165,,Jonathan Schoop\schoojo01,vs LHP,2019,62,127,,112,18,31,5,0,9,23,0,1,10,36,0.277,0.354,0.563,0.917,63,4,4,0,1,1,0,0.324,136,136
166,,Luke Voit\voitlu01,vs LHP,2019,52,127,,108,15,27,5,0,5,13,0,0,16,33,0.25,0.354,0.435,0.79,47,1,2,0,1,1,1,0.31,87,107
167,,David Dahl\dahlda01,vs LHP,2019,54,126,,116,20,37,13,2,3,15,0,0,7,38,0.319,0.357,0.543,0.9,63,0,1,0,2,0,1,0.442,105,132
168,,Howie Kendrick\kendrho01,vs LHP,2019,63,126,,117,23,44,10,0,6,26,1,0,8,18,0.376,0.421,0.615,1.036,72,2,1,0,0,1,3,0.409,114,168
169,,Rowdy Tellez\tellero01,vs LHP,2019,64,126,,115,13,31,10,0,6,23,1,1,8,37,0.27,0.317,0.513,0.831,59,3,1,0,2,0,0,0.338,122,113
170,,Marwin Gonzalez\gonzama01,vs LHP,2019,62,124,,120,20,36,5,0,5,12,0,0,3,22,0.3,0.323,0.467,0.789,56,6,1,0,0,0,0,0.333,113,104
171,,Guillermo Heredia\heredgu01,vs LHP,2019,54,124,,114,13,32,11,0,3,13,0,2,8,29,0.281,0.339,0.456,0.795,52,2,2,0,0,0,0,0.354,136,107
172,,Harold Ramirez\ramirha02,vs LHP,2019,59,124,,118,13,31,6,0,2,11,0,0,5,30,0.263,0.298,0.364,0.663,43,2,1,0,0,1,3,0.337,83,73
173,,Kyle Schwarber\schwaky01,vs LHP,2019,76,124,,109,17,25,4,1,6,18,0,0,11,36,0.229,0.306,0.45,0.756,49,0,2,0,2,0,0,0.275,75,95
174,,Tony Wolters\wolteto01,vs LHP,2019,64,124,,107,11,30,10,0,0,12,0,0,13,20,0.28,0.369,0.374,0.743,40,4,2,2,0,1,3,0.345,123,97
175,,Brian Anderson\anderbr06,vs LHP,2019,58,123,,112,8,26,5,0,6,12,0,0,6,30,0.232,0.301,0.438,0.738,49,2,5,0,0,0,1,0.263,82,91
176,,J.P. Crawford\crawfjp01,vs LHP,2019,56,123,,106,9,17,2,0,0,10,1,1,16,26,0.16,0.268,0.179,0.448,19,2,0,0,1,0,1,0.21,34,22
177,,Wilson Ramos\ramoswi01,vs LHP,2019,64,123,,107,16,37,4,0,5,20,0,0,15,15,0.346,0.423,0.523,0.946,56,7,0,0,1,2,0,0.364,146,148
178,,Donovan Solano\solando01,vs LHP,2019,56,123,,115,15,39,3,1,3,12,0,1,8,23,0.339,0.382,0.461,0.843,53,2,0,0,0,0,3,0.404,107,121
179,,Aaron Judge\judgeaa01,vs LHP,2019,50,122,,99,19,34,7,0,8,19,3,0,22,28,0.343,0.467,0.657,1.124,65,5,1,0,0,2,1,0.413,144,191
180,,Kolten Wong\wongko01,vs LHP,2019,74,122,,111,11,32,4,0,3,11,4,0,5,18,0.288,0.333,0.405,0.739,45,0,3,2,1,0,1,0.319,88,93
181,,Billy Hamilton\hamilbi02,vs LHP,2019,60,121,,103,12,19,6,1,0,5,6,3,14,30,0.184,0.28,0.262,0.542,27,0,0,3,1,1,3,0.257,92,45
182,,Garrett Hampson\hampsga01,vs LHP,2019,54,121,,111,17,27,4,2,4,11,3,1,8,26,0.243,0.294,0.423,0.718,47,0,0,2,0,0,3,0.284,107,86
183,,Miguel Sano\sanomi01,vs LHP,2019,58,121,,109,24,31,5,1,11,24,0,0,12,41,0.284,0.355,0.651,1.007,71,0,0,0,0,0,2,0.351,116,156
184,,Nick Castellanos\casteni01,vs LHP,2019,54,120,,108,22,40,13,0,8,19,0,0,10,16,0.37,0.425,0.713,1.138,77,4,1,0,1,1,3,0.376,162,191
185,,Jason Heyward\heywaja01,vs LHP,2019,78,120,,112,9,23,4,0,2,11,0,0,8,29,0.205,0.258,0.295,0.553,33,3,0,0,0,0,1,0.259,44,46
186,,Manuel Margot\margoma01,vs LHP,2019,62,120,,103,21,34,8,0,2,7,6,2,16,24,0.33,0.42,0.466,0.886,48,0,0,1,0,0,2,0.416,159,134
187,,Eric Sogard\sogarer01,vs LHP,2019,54,120,,104,22,29,6,0,6,12,2,0,11,22,0.279,0.345,0.51,0.854,53,0,1,1,3,0,0,0.291,109,121
188,,Hunter Pence\pencehu01,vs LHP,2019,48,119,,110,25,36,8,1,8,22,2,1,8,23,0.327,0.378,0.636,1.015,70,0,1,0,0,0,2,0.354,121,160
189,,Hernan Perez\perezhe01,vs LHP,2019,53,119,,113,13,29,7,0,5,9,3,0,4,23,0.257,0.28,0.451,0.731,51,4,0,1,1,0,3,0.279,126,88
190,,Jurickson Profar\profaju01,vs LHP,2019,61,119,,105,19,32,7,0,3,17,2,0,13,17,0.305,0.378,0.457,0.835,48,1,0,0,1,1,0,0.337,137,119
191,,Jorge Alfaro\alfarjo01,vs LHP,2019,59,118,,112,13,32,5,0,6,20,2,0,3,38,0.286,0.322,0.491,0.813,55,2,3,0,0,0,1,0.382,119,110
192,,Robinson Cano\canoro01,vs LHP,2019,65,118,,107,7,23,2,0,2,7,0,0,6,24,0.215,0.28,0.29,0.569,31,5,4,0,1,0,0,0.256,59,51
193,,Garrett Cooper\coopega03,vs LHP,2019,52,117,,109,12,24,2,0,5,13,0,0,6,26,0.22,0.265,0.376,0.641,41,3,1,0,1,0,2,0.241,61,66
194,,Yandy Díaz\diazya01,vs LHP,2019,50,117,,103,15,32,5,1,7,16,1,1,14,25,0.311,0.393,0.583,0.976,60,2,0,0,0,1,0,0.352,138,152
195,,Maikel Franco\francma02,vs LHP,2019,61,117,,102,16,25,4,0,6,18,0,0,14,15,0.245,0.333,0.461,0.794,47,1,0,0,1,9,2,0.232,125,106
196,,David Freese\freesda01,vs LHP,2019,54,117,,101,20,29,8,0,5,11,0,0,16,30,0.287,0.385,0.515,0.899,52,4,0,0,0,0,0,0.364,82,134
197,,Josh Reddick\reddijo01,vs LHP,2019,65,117,,110,17,34,5,0,5,10,1,0,6,18,0.309,0.345,0.491,0.836,54,2,0,1,0,0,2,0.333,128,117
198,,Shohei Ohtani\ohtansh01,vs LHP,2019,60,116,,103,12,29,4,2,3,13,1,0,10,37,0.282,0.348,0.447,0.794,46,0,1,0,1,0,1,0.406,90,108
199,,Jose Peraza\perazjo01,vs LHP,2019,63,116,,108,17,31,8,1,1,6,3,4,8,13,0.287,0.336,0.407,0.744,44,1,0,0,0,0,0,0.319,136,95
200,,Lourdes Gurriel Jr.\gurrilo01,vs LHP,2019,48,115,,110,24,33,7,0,11,20,1,2,4,33,0.3,0.33,0.664,0.994,73,4,1,0,0,0,1,0.333,124,151
201,,Joe Panik\panikjo01,vs LHP,2019,69,115,,97,9,28,6,0,1,10,1,1,11,10,0.289,0.372,0.381,0.753,37,0,3,2,2,1,0,0.307,132,100
202,,Albert Almora\almoral01,vs LHP,2019,53,114,,108,10,23,1,0,2,8,0,0,5,21,0.213,0.254,0.278,0.532,30,1,1,0,0,1,1,0.247,67,41
203,,Robinson Chirinos\chiriro01,vs LHP,2019,58,114,,84,14,23,8,0,3,17,1,1,27,32,0.274,0.439,0.476,0.915,40,4,0,0,3,1,1,0.385,134,142
204,,Martin Maldonado\maldoma01,vs LHP,2019,60,114,,105,13,24,7,0,4,8,0,0,8,35,0.229,0.281,0.41,0.69,43,3,0,0,1,0,1,0.299,104,79
205,,Nick Markakis\markani01,vs LHP,2019,64,113,,102,12,25,8,1,0,16,0,0,9,12,0.245,0.31,0.343,0.653,35,3,1,0,1,0,4,0.275,69,72
206,,Javier Baez\baezja01,vs LHP,2019,56,112,,102,27,31,4,2,8,17,8,2,8,30,0.304,0.348,0.618,0.966,63,4,0,0,2,0,1,0.348,127,146
207,,Nicky Lopez\lopezni01,vs LHP,2019,57,112,,105,15,28,5,0,1,6,0,0,5,16,0.267,0.306,0.343,0.649,36,0,1,1,0,0,1,0.307,116,71
208,,Jake Marisnick\marisja01,vs LHP,2019,56,112,,102,17,23,8,0,4,14,0,0,6,36,0.225,0.288,0.422,0.71,43,1,3,1,0,0,1,0.306,102,84
209,,Miguel Cabrera\cabremi01,vs LHP,2019,52,111,,97,10,33,9,0,4,20,0,0,13,22,0.34,0.414,0.557,0.971,54,5,0,0,1,1,0,0.403,160,153
210,,Willie Calhoun\calhowi01,vs LHP,2019,54,111,,102,15,23,5,1,7,15,0,0,7,19,0.225,0.279,0.5,0.779,51,1,1,0,1,0,1,0.208,82,98
211,,Michael Chavis\chavimi01,vs LHP,2019,58,111,,106,11,24,3,0,8,17,1,0,3,37,0.226,0.261,0.481,0.742,51,5,2,0,0,0,0,0.262,89,89
212,,Tyler Austin\austity01,vs LHP,2019,54,110,,92,20,21,4,0,6,16,1,0,17,36,0.228,0.345,0.467,0.813,43,1,0,0,1,1,1,0.294,131,111
213,,Nick Senzel\senzeni01,vs LHP,2019,44,110,,95,16,30,5,3,3,16,6,4,8,15,0.316,0.371,0.526,0.898,50,0,1,0,1,0,0,0.346,141,132
214,,Dwight Smith Jr.\smithdw02,vs LHP,2019,54,110,,99,11,21,5,0,3,17,3,1,9,32,0.212,0.282,0.354,0.635,35,2,1,0,1,0,2,0.277,81,66
215,,Wilmer Flores\florewi01,vs LHP,2019,46,109,,104,17,35,8,0,7,17,0,0,4,12,0.337,0.367,0.615,0.982,64,3,1,0,0,0,0,0.329,128,151
216,,Andrelton Simmons\simmoan01,vs LHP,2019,49,109,,99,15,30,4,0,4,7,2,0,9,7,0.303,0.367,0.465,0.832,46,7,1,0,0,0,0,0.295,147,117
217,,Dansby Swanson\swansda01,vs LHP,2019,55,109,,99,16,29,2,1,4,16,2,2,9,19,0.293,0.349,0.455,0.803,45,1,0,0,1,0,1,0.325,115,110
218,,Alex Verdugo\verdual01,vs LHP,2019,55,109,,101,13,33,6,2,2,9,2,1,5,16,0.327,0.358,0.485,0.843,49,3,1,0,2,0,0,0.365,107,119
219,,AJ Pollock\polloaj01,vs LHP,2019,47,108,,99,15,32,3,0,6,18,2,0,6,22,0.323,0.37,0.535,0.906,53,1,2,0,1,1,0,0.361,128,134
220,,Gary Sanchez\sanchga02,vs LHP,2019,44,108,,95,15,19,4,0,7,14,0,0,11,39,0.2,0.296,0.463,0.759,44,2,2,0,0,2,3,0.245,82,95
221,,Niko Goodrum\goodrni01,vs LHP,2019,52,107,,97,17,35,6,3,1,8,3,0,9,21,0.361,0.411,0.515,0.927,50,3,0,0,1,1,1,0.447,150,142
222,,Harrison Bader\baderha01,vs LHP,2019,59,106,,96,9,17,6,1,4,10,1,1,9,31,0.177,0.255,0.385,0.64,37,2,1,0,0,1,1,0.213,86,65
223,,Martin Prado\pradoma01,vs LHP,2019,50,106,,97,12,26,5,0,0,7,0,0,7,9,0.268,0.311,0.32,0.631,31,5,0,0,2,0,1,0.289,126,67
224,,Ryan Cordell\cordery01,vs LHP,2019,51,105,,97,9,21,3,0,2,7,0,0,6,33,0.216,0.26,0.309,0.569,30,2,0,1,1,0,0,0.302,77,49
225,,Brandon Dixon\dixonbr01,vs LHP,2019,55,104,,97,7,27,6,1,3,13,0,1,4,31,0.278,0.308,0.454,0.761,44,3,1,0,2,0,1,0.369,111,97
226,,Brian Goodwin\goodwbr01,vs LHP,2019,54,104,,95,12,25,8,1,4,15,1,1,5,29,0.263,0.32,0.495,0.815,47,0,3,1,0,0,2,0.339,104,110
227,,Carson Kelly\kellyca02,vs LHP,2019,52,104,,87,18,31,9,0,6,18,0,0,16,22,0.356,0.462,0.667,1.128,58,2,1,0,0,5,0,0.424,172,192
228,,Jonathan Lucroy\lucrojo01,vs LHP,2019,50,104,,97,7,22,2,0,3,10,0,0,6,19,0.227,0.269,0.34,0.609,33,5,0,0,1,1,0,0.25,84,59
229,,Wil Myers\myerswi01,vs LHP,2019,56,104,,86,14,20,1,1,7,15,3,2,18,39,0.233,0.365,0.512,0.877,44,4,0,0,0,0,0,0.325,136,127
230,,Raimel Tapia\tapiara01,vs LHP,2019,54,104,,101,11,28,1,1,3,9,1,1,3,35,0.277,0.298,0.396,0.694,40,0,0,0,0,0,0,0.397,92,81
231,,Sam Travis\travisa01,vs LHP,2019,49,104,,95,13,21,2,0,5,14,0,0,8,21,0.221,0.279,0.4,0.679,38,6,0,0,1,2,2,0.229,107,76
232,,Tyler White\whitety01,vs LHP,2019,47,104,,89,8,13,3,0,1,8,0,0,14,32,0.146,0.26,0.213,0.473,19,2,0,0,1,0,0,0.211,55,28
233,,Luis Arraez\arraelu01,vs LHP,2019,56,103,,84,11,23,2,0,0,8,0,0,18,9,0.274,0.398,0.298,0.696,25,1,0,0,1,1,0,0.303,68,89
234,,Matt Carpenter\carpema01,vs LHP,2019,59,103,,83,7,18,4,0,2,7,2,0,16,25,0.217,0.343,0.337,0.68,28,1,1,1,2,0,0,0.276,89,81
235,,Josh Phegley\phegljo01,vs LHP,2019,54,103,,95,16,27,8,0,5,20,0,0,3,11,0.284,0.32,0.526,0.847,50,6,3,0,2,0,3,0.272,142,117
236,,Mike Zunino\zuninmi01,vs LHP,2019,49,101,,91,9,14,1,0,2,11,0,0,10,34,0.154,0.238,0.231,0.468,21,1,0,0,0,0,0,0.218,77,25
237,,Tim Beckham\beckhti01,vs LHP,2019,45,100,,93,12,26,4,0,4,15,0,1,6,34,0.28,0.33,0.452,0.782,42,2,1,0,0,0,0,0.4,111,103
238,,Keon Broxton\broxtke01,vs LHP,2019,46,99,,88,12,17,2,0,3,6,6,1,10,44,0.193,0.276,0.318,0.594,28,3,0,1,0,0,0,0.341,130,56
239,,Tyler Flowers\flowety01,vs LHP,2019,46,99,,84,9,13,3,2,1,8,0,0,13,32,0.155,0.273,0.274,0.547,23,4,1,0,1,3,0,0.231,52,45
240,,Curt Casali\casalcu01,vs LHP,2019,45,98,,83,8,20,1,0,4,12,0,0,13,22,0.241,0.337,0.398,0.734,33,0,0,0,2,0,1,0.271,99,93
241,,Jose Osuna\osunajo01,vs LHP,2019,52,98,,92,14,21,4,0,2,9,0,0,6,16,0.228,0.276,0.337,0.612,31,0,0,0,0,0,1,0.257,63,61
242,,Steven Duggar\duggast01,vs LHP,2019,47,96,,87,9,18,2,0,0,5,1,2,5,35,0.207,0.25,0.23,0.48,20,1,1,0,3,0,2,0.327,57,28
243,,Dee Strange-Gordon\gordode01,vs LHP,2019,52,96,,92,8,30,1,1,1,11,5,2,2,13,0.326,0.344,0.391,0.735,36,2,1,0,1,0,0,0.367,122,94
244,,Tim Locastro\locasti01,vs LHP,2019,49,96,,80,14,18,4,2,1,5,1,0,7,21,0.225,0.354,0.363,0.717,29,0,9,0,0,0,1,0.293,106,90
245,,Joey Rickard\rickajo01,vs LHP,2019,42,96,,82,6,21,2,1,2,7,1,2,12,30,0.256,0.365,0.378,0.743,31,1,2,0,0,1,1,0.38,123,97
246,,Daniel Robertson\roberda10,vs LHP,2019,47,96,,84,8,21,3,0,1,7,1,1,10,27,0.25,0.344,0.321,0.665,27,4,2,0,0,0,1,0.357,119,78
247,,Jeimer Candelario\candeje01,vs LHP,2019,50,95,,83,8,16,4,0,1,8,0,0,11,26,0.193,0.295,0.277,0.572,23,3,1,0,0,0,0,0.268,79,53
248,,Phil Ervin\ervinph01,vs LHP,2019,54,95,,86,13,30,4,4,4,13,1,1,8,19,0.349,0.411,0.628,1.038,54,0,1,0,0,0,0,0.413,159,168
249,,Omar Narvaez\narvaom01,vs LHP,2019,58,95,,75,10,17,1,0,2,10,0,0,18,10,0.227,0.379,0.32,0.699,24,2,1,0,1,0,0,0.234,77,88
250,,Ji-Man Choi\choiji01,vs LHP,2019,55,94,,81,9,17,3,0,2,6,0,1,11,22,0.21,0.309,0.321,0.629,26,0,1,0,1,0,0,0.259,55,67
251,,Didi Gregorius\gregodi01,vs LHP,2019,47,94,,88,13,19,2,1,6,20,1,0,5,13,0.216,0.266,0.466,0.732,41,2,1,0,0,0,2,0.188,102,87
252,,Tommy Edman\edmanto01,vs LHP,2019,44,92,,84,19,27,4,3,4,11,2,0,5,14,0.321,0.38,0.583,0.964,49,1,3,0,0,0,2,0.348,125,148
253,,Stephen Piscotty\piscost01,vs LHP,2019,44,92,,86,17,31,5,0,6,17,0,0,5,17,0.36,0.391,0.628,1.019,54,2,0,0,1,0,0,0.391,179,162
254,,Austin Slater\slateau01,vs LHP,2019,45,91,,80,8,22,6,2,2,10,1,0,11,19,0.275,0.363,0.475,0.838,38,1,0,0,0,0,2,0.339,123,118
255,,David Bote\boteda01,vs LHP,2019,52,90,,78,15,17,6,0,2,9,1,0,9,25,0.218,0.311,0.372,0.683,29,4,2,0,1,0,3,0.288,74,79
256,,Welington Castillo\castiwe01,vs LHP,2019,41,90,,81,6,18,8,0,2,14,0,0,6,27,0.222,0.289,0.395,0.684,32,3,2,0,1,0,0,0.302,103,78
257,,Joey Gallo\gallojo01,vs LHP,2019,39,90,,75,19,25,7,0,8,22,1,1,11,34,0.333,0.427,0.747,1.174,56,0,2,1,1,0,0,0.5,135,200
258,,John Hicks\hicksjo02,vs LHP,2019,43,90,,83,10,20,4,0,3,9,0,0,6,34,0.241,0.289,0.398,0.686,33,1,0,0,1,0,1,0.362,125,78
259,,Tommy La Stella\lasteto01,vs LHP,2019,48,90,,83,10,22,2,0,3,7,0,0,5,8,0.265,0.315,0.398,0.712,33,0,1,0,0,0,0,0.264,73,86
260,,Austin Nola\nolaau01,vs LHP,2019,41,90,,78,18,20,5,1,5,14,0,0,12,15,0.256,0.356,0.538,0.894,42,4,0,0,0,1,0,0.259,123,131
261,,Adam Engel\engelad01,vs LHP,2019,44,89,,83,12,26,6,1,2,9,3,1,5,22,0.313,0.36,0.482,0.841,40,2,1,0,0,0,0,0.407,144,119
262,,Marcell Ozuna\ozunama01,vs LHP,2019,40,89,,83,14,18,4,0,6,20,0,0,6,24,0.217,0.27,0.482,0.752,40,1,0,0,0,0,1,0.226,84,92
263,,Mike Yastrzemski\yastrmi01,vs LHP,2019,53,89,,82,11,27,7,0,4,12,1,0,5,20,0.329,0.382,0.561,0.943,46,2,2,0,0,1,1,0.397,123,144
264,,Cheslor Cuthbert\cuthbch01,vs LHP,2019,41,88,,82,11,26,6,0,5,17,0,0,5,18,0.317,0.364,0.573,0.937,47,1,1,0,0,0,1,0.356,175,141
265,,Elias Diaz\diazel01,vs LHP,2019,43,88,,82,6,22,6,0,0,5,0,0,5,13,0.268,0.307,0.341,0.648,28,4,0,0,1,0,2,0.314,115,71
266,,Cameron Maybin\maybica01,vs LHP,2019,43,88,,78,13,18,6,0,3,14,2,1,10,23,0.231,0.318,0.423,0.741,33,3,0,0,0,0,0,0.288,73,93
267,,Dylan Moore\mooredy01,vs LHP,2019,47,88,,76,7,17,6,0,3,8,5,4,8,25,0.224,0.33,0.421,0.751,32,1,4,0,0,0,0,0.292,118,96
268,,Juan Lagares\lagarju01,vs LHP,2019,43,86,,80,13,19,7,0,1,11,2,0,6,24,0.238,0.291,0.363,0.653,29,2,0,0,0,2,1,0.327,116,71
269,,Yadier Molina\molinya01,vs LHP,2019,45,86,,75,11,24,5,0,2,11,1,0,9,5,0.32,0.395,0.467,0.862,35,5,1,0,1,0,2,0.319,144,126
270,,Willson Contreras\contrwi01,vs LHP,2019,48,85,,75,15,24,3,1,6,14,0,0,9,21,0.32,0.4,0.627,1.027,47,2,1,0,0,1,0,0.375,130,164
271,,Yan Gomes\gomesya01,vs LHP,2019,45,85,,69,9,18,3,0,4,13,0,0,15,15,0.261,0.4,0.478,0.878,33,2,1,0,0,1,2,0.28,150,130
272,,Austin Hedges\hedgeau01,vs LHP,2019,48,84,,70,6,10,2,0,1,9,1,0,9,30,0.143,0.265,0.214,0.479,15,1,3,1,1,1,1,0.225,74,29
273,,Aaron Hicks\hicksaa01,vs LHP,2019,32,84,,79,10,21,3,0,2,8,0,1,4,23,0.266,0.298,0.38,0.677,30,0,0,0,1,0,3,0.345,78,77
274,,Mark Reynolds\reynoma01,vs LHP,2019,41,84,,71,8,12,5,0,2,9,1,0,12,29,0.169,0.286,0.324,0.61,23,2,0,0,1,0,0,0.244,103,61
275,,Keston Hiura\hiurake01,vs LHP,2019,44,83,,75,5,18,6,0,1,6,3,2,7,27,0.24,0.313,0.36,0.673,27,1,1,0,0,1,0,0.362,48,77
276,,Fernando Tatis Jr.\tatisfe02,vs LHP,2019,37,83,,62,20,26,2,1,5,12,4,2,15,19,0.419,0.542,0.726,1.268,45,0,4,0,2,1,1,0.525,166,230
277,,Mike Tauchman\tauchmi01,vs LHP,2019,43,83,,70,12,25,9,0,1,13,3,0,11,16,0.357,0.446,0.529,0.974,37,6,1,0,1,0,0,0.444,129,156
278,,Jose Rondon\rondojo02,vs LHP,2019,39,82,,76,4,19,3,0,2,6,0,0,5,14,0.25,0.296,0.368,0.665,28,2,0,1,0,0,0,0.283,144,74
279,,Manny Pina\pinama01,vs LHP,2019,43,81,,72,7,23,6,0,4,10,0,0,7,25,0.319,0.395,0.569,0.965,41,0,2,0,0,1,0,0.442,165,150
280,,Christin Stewart\stewach02,vs LHP,2019,47,81,,72,5,17,5,0,1,6,0,0,5,19,0.236,0.309,0.347,0.656,25,1,3,0,1,0,0,0.302,91,73
281,,Ronald Guzman\guzmaro01,vs LHP,2019,40,80,,67,9,9,5,0,2,9,1,0,10,26,0.134,0.238,0.299,0.536,20,1,0,0,3,0,1,0.167,50,40
282,,Jay Bruce\bruceja01,vs LHP,2019,42,79,,71,9,15,3,0,6,16,1,0,8,18,0.211,0.291,0.507,0.798,36,0,0,0,0,0,0,0.191,108,104
283,,Ben Gamel\gamelbe01,vs LHP,2019,55,79,,65,7,23,3,0,1,8,1,0,12,22,0.354,0.456,0.446,0.902,29,0,1,0,1,0,0,0.512,155,140
284,,Sandy Leon\leonsa01,vs LHP,2019,37,79,,75,6,14,0,0,3,9,0,0,2,18,0.187,0.208,0.307,0.514,23,0,0,2,0,0,3,0.204,86,33
285,,Justin Upton\uptonju01,vs LHP,2019,37,79,,66,12,9,4,0,2,12,0,1,11,31,0.136,0.253,0.288,0.541,19,2,0,0,2,0,1,0.2,51,42
286,,Carlos Correa\correca01,vs LHP,2019,39,78,,65,8,20,4,1,3,12,0,0,13,12,0.308,0.423,0.538,0.962,35,2,0,0,0,0,1,0.34,113,151
287,,Ian Kinsler\kinslia01,vs LHP,2019,44,78,,68,10,14,2,0,3,5,1,0,8,16,0.206,0.295,0.368,0.663,25,1,1,0,1,0,1,0.22,106,73
288,,Jose Martinez\martijo08,vs LHP,2019,45,78,,70,12,23,4,0,5,15,0,0,8,15,0.329,0.397,0.6,0.997,42,6,0,0,0,0,1,0.36,163,157
289,,Leonys Martín\martile01,vs LHP,2019,38,78,,71,7,11,3,0,1,4,0,1,5,25,0.155,0.221,0.239,0.46,17,0,1,1,0,0,1,0.222,50,22
290,,Colin Moran\moranco01,vs LHP,2019,56,78,,77,6,21,4,0,2,11,0,1,1,18,0.273,0.282,0.403,0.685,31,5,0,0,0,0,0,0.333,82,77
291,,Sean Rodriguez\rodrise01,vs LHP,2019,48,78,,66,12,15,2,0,3,7,0,1,10,26,0.227,0.346,0.394,0.74,26,2,2,0,0,0,1,0.324,105,95
292,,Kevan Smith\smithke04,vs LHP,2019,35,78,,68,8,23,8,0,1,12,0,0,8,11,0.338,0.41,0.5,0.91,34,2,1,0,1,0,0,0.386,156,138
293,,Aledmys Díaz\diazal02,vs LHP,2019,41,77,,65,10,14,3,1,3,11,1,0,11,7,0.215,0.325,0.431,0.755,28,4,0,0,1,0,1,0.196,84,97
294,,Jung Ho Kang\kangju01,vs LHP,2019,35,76,,75,6,12,2,1,3,7,0,0,1,34,0.16,0.171,0.333,0.504,25,0,0,0,0,0,3,0.237,61,28
295,,Dawel Lugo\lugoda01,vs LHP,2019,36,75,,69,3,16,2,0,1,5,0,0,2,19,0.232,0.253,0.304,0.558,21,1,1,0,3,1,1,0.288,73,46
296,,Eduardo Nunez\nunezed02,vs LHP,2019,36,75,,70,5,14,2,0,2,10,3,0,4,12,0.2,0.24,0.314,0.554,22,3,0,0,1,0,3,0.211,102,44
297,,Chris Owings\owingch01,vs LHP,2019,37,75,,67,7,11,3,0,1,6,3,1,7,37,0.164,0.253,0.254,0.507,17,0,1,0,0,0,0,0.345,130,35
298,,Victor Reyes\reyesvi01,vs LHP,2019,36,75,,72,11,21,3,2,0,6,4,0,3,18,0.292,0.32,0.389,0.709,28,2,0,0,0,0,0,0.389,86,86
299,,Austin Riley\rileyau01,vs LHP,2019,39,74,,65,13,17,4,0,7,15,0,1,8,28,0.262,0.338,0.646,0.984,42,0,0,0,1,3,0,0.323,158,150
300,,Rio Ruiz\ruizri01,vs LHP,2019,46,74,,68,5,17,3,0,1,11,0,0,4,18,0.25,0.288,0.338,0.626,23,3,0,1,1,0,0,0.32,84,64
301,,Greg Allen\allengr01,vs LHP,2019,38,73,,70,7,13,2,0,0,3,1,0,2,14,0.186,0.208,0.214,0.423,15,3,0,1,0,0,3,0.232,34,12
302,,Mike Brosseau\brossmi01,vs LHP,2019,32,73,,70,12,21,2,0,4,10,0,0,3,17,0.3,0.329,0.5,0.829,35,1,0,0,0,0,0,0.347,111,114
303,,Chris Iannetta\iannech01,vs LHP,2019,36,73,,58,7,11,3,0,2,6,0,0,14,23,0.19,0.342,0.345,0.687,20,6,0,0,1,2,0,0.265,93,83
304,,Isiah Kiner-Falefa\kineris01,vs LHP,2019,34,72,,67,6,14,3,1,0,6,0,0,3,17,0.209,0.254,0.284,0.537,19,2,1,1,0,0,0,0.28,73,42
305,,Jeff Mathis\mathije01,vs LHP,2019,37,72,,67,4,10,2,0,1,4,1,0,5,24,0.149,0.208,0.224,0.432,15,1,0,0,0,0,0,0.214,100,14
306,,Austin Romine\rominau01,vs LHP,2019,36,72,,68,12,21,5,0,2,8,0,0,4,11,0.309,0.347,0.471,0.818,32,4,0,0,0,0,0,0.345,119,113
307,,Kurt Suzuki\suzukku01,vs LHP,2019,42,72,,67,9,23,4,0,4,20,0,0,3,9,0.343,0.375,0.582,0.957,39,1,1,0,1,0,0,0.345,136,146
308,,Yonder Alonso\alonsyo01,vs LHP,2019,42,71,,63,8,16,5,0,4,14,0,0,7,14,0.254,0.338,0.524,0.862,33,2,1,0,0,0,0,0.267,166,122
309,,Johan Camargo\camarjo01,vs LHP,2019,41,71,,65,7,14,5,1,2,11,0,0,6,18,0.215,0.282,0.415,0.697,27,2,0,0,0,1,1,0.267,109,80
310,,Tyler Naquin\naquity01,vs LHP,2019,39,71,,63,8,18,2,0,4,10,0,0,4,14,0.286,0.329,0.508,0.837,32,4,1,1,2,0,1,0.298,110,116
311,,Ronny Rodriguez\rodriro03,vs LHP,2019,39,71,,67,5,16,4,1,3,13,0,0,3,20,0.239,0.268,0.463,0.73,31,1,0,0,1,0,0,0.289,112,87
312,,Austin Barnes\barneau01,vs LHP,2019,38,70,,62,6,12,4,0,1,8,0,0,5,17,0.194,0.271,0.306,0.578,19,5,2,0,1,1,1,0.244,83,52
313,,Chris Davis\davisch02,vs LHP,2019,42,69,,61,4,8,0,0,2,3,0,0,7,30,0.131,0.232,0.23,0.461,14,3,1,0,0,0,0,0.207,55,23
314,,Mitch Haniger\hanigmi01,vs LHP,2019,29,69,,57,12,15,3,0,4,10,0,0,10,20,0.263,0.391,0.526,0.918,30,1,2,0,0,1,1,0.333,138,139
315,,Gerardo Parra\parrage01,vs LHP,2019,41,69,,62,8,14,4,1,1,6,2,0,3,13,0.226,0.279,0.371,0.65,23,1,2,1,1,0,1,0.265,90,69
316,,Byron Buxton\buxtoby01,vs LHP,2019,37,68,,63,16,20,6,0,3,11,1,0,5,16,0.317,0.368,0.556,0.923,35,0,0,0,0,0,1,0.386,126,138
317,,Harold Castro\castrha01,vs LHP,2019,40,68,,66,4,14,0,0,0,5,0,0,2,18,0.212,0.235,0.212,0.447,14,0,0,0,0,0,0,0.292,32,20
318,,Kyle Farmer\farmeky01,vs LHP,2019,42,68,,62,7,17,4,0,3,12,4,0,5,16,0.274,0.338,0.484,0.822,30,1,1,0,0,0,2,0.326,139,113
319,,Brandon Lowe\lowebr01,vs LHP,2019,40,68,,66,6,16,2,0,3,9,0,0,2,36,0.242,0.265,0.409,0.674,27,0,0,0,0,0,0,0.481,58,74
320,,Matt Duffy\duffyma01,vs LHP,2019,29,66,,55,4,9,4,0,0,3,0,1,9,13,0.164,0.288,0.236,0.524,13,1,1,0,1,0,0,0.209,56,41
321,,JaCoby Jones\jonesja07,vs LHP,2019,31,66,,60,7,12,4,0,1,2,1,0,4,18,0.2,0.246,0.317,0.563,19,1,0,1,1,1,1,0.262,53,47
322,,Russell Martin\martiru01,vs LHP,2019,36,66,,55,12,12,1,0,3,5,1,0,9,14,0.218,0.348,0.4,0.748,22,1,2,0,0,0,1,0.237,125,97
323,,Austin Dean\deanau01,vs LHP,2019,31,65,,62,4,15,4,0,2,4,0,1,3,18,0.242,0.277,0.403,0.68,25,1,0,0,0,0,0,0.31,106,76
324,,Jon Jay\jayjo02,vs LHP,2019,28,65,,57,4,15,1,0,0,4,0,0,3,10,0.263,0.323,0.281,0.603,16,1,2,3,0,0,3,0.319,93,62
325,,Francisco Mejia\mejiafr01,vs LHP,2019,38,65,,61,4,17,3,0,1,4,1,0,4,10,0.279,0.323,0.377,0.7,23,4,0,0,0,0,1,0.32,88,84
326,,Lewis Brinson\brinsle01,vs LHP,2019,30,64,,55,7,11,2,0,0,5,1,0,6,16,0.2,0.297,0.236,0.533,13,2,2,0,1,0,2,0.275,133,44
327,,Brock Holt\holtbr01,vs LHP,2019,35,64,,58,6,13,3,0,0,6,0,0,5,12,0.224,0.281,0.276,0.557,16,0,0,0,1,0,0,0.277,45,48
328,,Will Smith\smithwi05,vs LHP,2019,30,64,,57,7,12,2,0,3,7,1,0,5,25,0.211,0.281,0.404,0.685,23,1,1,0,1,1,0,0.3,54,77
329,,Matt Adams\adamsma01,vs LHP,2019,45,63,,62,5,13,3,0,4,14,0,0,1,20,0.21,0.222,0.452,0.674,28,2,0,0,0,0,2,0.237,78,70
330,,Bo Bichette\bichebo01,vs LHP,2019,30,63,,57,12,21,5,0,4,6,0,1,5,14,0.368,0.413,0.667,1.079,38,1,0,0,1,0,0,0.425,132,177
331,,Mike Freeman\freemmi01,vs LHP,2019,33,63,,56,8,17,2,0,2,9,0,0,4,22,0.304,0.355,0.446,0.801,25,2,1,1,1,0,1,0.455,112,109
332,,Andrew McCutchen\mccutan01,vs LHP,2019,30,63,,51,12,15,4,1,0,4,1,0,12,11,0.294,0.429,0.412,0.84,21,1,0,0,0,0,1,0.375,104,124
333,,Cesar Puello\puellce01,vs LHP,2019,29,63,,49,5,12,3,0,2,9,0,0,5,14,0.245,0.413,0.429,0.841,21,1,9,0,0,1,0,0.303,128,123
334,,Gordon Beckham\beckhgo01,vs LHP,2019,34,62,,57,3,9,1,1,0,0,0,0,4,17,0.158,0.226,0.211,0.436,12,3,1,0,0,0,1,0.225,40,17
335,,Corey Dickerson\dickeco01,vs LHP,2019,38,62,,59,5,16,4,0,3,15,0,0,2,15,0.271,0.29,0.492,0.782,29,0,0,0,1,0,1,0.31,72,100
336,,Jordy Mercer\mercejo03,vs LHP,2019,34,62,,61,7,20,5,0,3,9,0,0,1,9,0.328,0.339,0.557,0.896,34,2,0,0,0,0,0,0.347,137,130
337,,Addison Russell\russead02,vs LHP,2019,32,62,,52,6,10,2,0,2,6,0,0,9,19,0.192,0.306,0.346,0.653,18,2,0,0,1,1,0,0.25,88,72
338,,Eric Thames\thameer01,vs LHP,2019,50,62,,50,4,10,1,0,2,6,0,2,9,19,0.2,0.339,0.34,0.679,17,0,2,0,1,0,0,0.267,65,81
339,,Ehire Adrianza\adriaeh01,vs LHP,2019,33,61,,52,11,14,0,1,2,5,0,1,6,11,0.269,0.35,0.423,0.773,22,2,1,1,1,0,1,0.3,102,103
340,,Clint Frazier\frazicl01,vs LHP,2019,28,61,,56,6,11,3,0,4,9,0,0,5,19,0.196,0.262,0.464,0.727,26,1,0,0,0,1,0,0.212,78,85
341,,Ryan O'Hearn\ohearry01,vs LHP,2019,41,61,,53,4,9,1,0,1,3,0,0,7,20,0.17,0.262,0.245,0.508,13,1,0,0,1,0,0,0.242,60,35
342,,Pablo Reyes\reyespa01,vs LHP,2019,31,61,,58,13,15,4,2,1,11,0,0,3,16,0.259,0.295,0.448,0.743,26,0,0,0,0,0,0,0.341,147,92
343,,Curtis Granderson\grandcu01,vs LHP,2019,37,60,,49,8,12,6,1,1,12,0,0,8,11,0.245,0.35,0.469,0.819,23,2,1,0,2,0,2,0.282,156,113
344,,Mitch Moreland\morelmi01,vs LHP,2019,38,60,,54,9,11,3,0,1,7,0,0,5,18,0.204,0.283,0.315,0.598,17,1,1,0,0,0,0,0.286,48,58
345,,Luis Urias\uriaslu01,vs LHP,2019,31,60,,57,9,20,3,0,2,12,0,1,2,14,0.351,0.383,0.509,0.892,29,2,1,0,0,0,0,0.439,173,132
346,,Bubba Starling\starlbu01,vs LHP,2019,32,59,,54,6,10,2,0,1,2,0,0,3,12,0.185,0.241,0.278,0.519,15,2,1,1,0,0,0,0.22,82,37
347,,Joey Wendle\wendljo01,vs LHP,2019,38,59,,54,7,7,1,0,0,4,1,1,4,15,0.13,0.203,0.148,0.352,8,1,1,0,0,0,1,0.179,13,-5
348,,Jon Berti\bertijo01,vs LHP,2019,25,58,,52,16,14,2,0,4,5,3,0,5,15,0.269,0.345,0.538,0.883,28,1,1,0,0,0,0,0.303,132,127
349,,Robbie Grossman\grossro01,vs LHP,2019,37,58,,52,8,9,1,1,1,9,1,0,6,12,0.173,0.259,0.288,0.547,15,1,0,0,0,0,0,0.205,60,44
350,,Ty France\francty01,vs LHP,2019,29,57,,55,7,13,3,0,4,9,0,0,1,18,0.236,0.263,0.509,0.772,28,4,1,0,0,0,1,0.273,116,96
351,,Adam Haseley\haselad01,vs LHP,2019,33,57,,52,7,11,2,0,0,8,1,0,3,16,0.212,0.281,0.25,0.531,13,2,2,0,0,0,1,0.306,50,42
352,,Neil Walker\walkene01,vs LHP,2019,44,57,,51,9,14,3,0,0,5,0,0,6,5,0.275,0.351,0.333,0.684,17,1,0,0,0,0,0,0.304,86,83
353,,Derek Fisher\fishede01,vs LHP,2019,27,56,,49,6,12,0,1,3,9,2,0,7,14,0.245,0.339,0.469,0.809,23,0,0,0,0,0,0,0.281,145,110
354,,Willians Astudillo\astudwi01,vs LHP,2019,27,55,,52,6,13,1,0,1,5,0,0,1,3,0.25,0.273,0.327,0.6,17,0,1,0,1,0,2,0.245,78,57
355,,Roman Quinn\quinnro01,vs LHP,2019,28,55,,47,7,9,1,0,2,6,5,0,8,14,0.191,0.309,0.34,0.65,16,1,0,0,0,0,0,0.226,96,71
356,,Nick Solak\solakni01,vs LHP,2019,25,55,,47,8,15,5,1,3,8,1,0,7,9,0.319,0.418,0.66,1.078,31,1,1,0,0,1,0,0.343,141,177
357,,Ildemaro Vargas\vargail01,vs LHP,2019,31,55,,53,8,18,3,0,5,17,0,0,1,3,0.34,0.345,0.679,1.025,36,3,0,0,1,0,1,0.283,180,159
358,,Aristides Aquino\aquinar01,vs LHP,2019,24,54,,49,5,13,3,0,4,10,1,0,4,17,0.265,0.333,0.571,0.905,28,2,1,0,0,0,0,0.321,105,131
359,,Charlie Culberson\culbech01,vs LHP,2019,38,54,,53,6,17,3,1,2,10,0,0,1,11,0.321,0.333,0.528,0.862,28,2,0,0,0,0,1,0.375,134,121
360,,Billy McKinney\mckinbi01,vs LHP,2019,33,54,,51,10,10,1,0,3,6,0,1,1,18,0.196,0.226,0.392,0.619,20,0,1,1,0,0,3,0.233,75,58
361,,Tim Lopes\lopesti01,vs LHP,2019,26,53,,47,5,15,3,0,1,4,3,2,6,9,0.319,0.396,0.447,0.843,21,0,0,0,0,0,2,0.378,135,122
362,,Kevin Plawecki\plaweke01,vs LHP,2019,27,53,,50,3,10,3,0,1,7,0,0,3,11,0.2,0.245,0.32,0.565,16,2,0,0,0,0,0,0.237,79,47
363,,Ryan Zimmerman\zimmery01,vs LHP,2019,30,53,,49,5,18,3,0,2,8,0,0,4,12,0.367,0.415,0.551,0.966,27,2,0,0,0,0,0,0.457,162,152
364,,Marco Hernandez\hernama02,vs LHP,2019,29,52,,50,4,16,3,0,0,3,1,2,1,13,0.32,0.346,0.38,0.726,19,0,1,0,0,0,2,0.432,136,92
365,,Pablo Sandoval\sandopa01,vs LHP,2019,47,52,,48,7,15,4,0,3,9,0,0,3,12,0.313,0.353,0.583,0.936,28,2,0,1,0,0,0,0.364,128,140
366,,Tucker Barnhart\barnhtu01,vs LHP,2019,39,51,,45,4,6,1,0,0,3,1,0,6,14,0.133,0.235,0.156,0.391,7,0,0,0,0,1,0,0.194,13,7
367,,Ryon Healy\healyry01,vs LHP,2019,21,51,,45,6,9,5,0,0,5,0,0,5,13,0.2,0.275,0.311,0.586,14,0,0,0,1,0,0,0.273,63,54
368,,Brandon Nimmo\nimmobr01,vs LHP,2019,36,51,,40,11,15,4,0,3,10,0,0,7,14,0.375,0.49,0.7,1.19,28,0,3,0,1,0,0,0.5,203,208
369,,Travis Shaw\shawtr01,vs LHP,2019,32,51,,49,,5,1,0,0,2,0,0,0,17,0.102,0.137,0.122,0.26,6,1,2,0,0,0,0,0.156,-6,-31
370,,Cole Tucker\tuckeco01,vs LHP,2019,25,51,,47,5,9,3,0,1,8,0,0,4,19,0.191,0.255,0.319,0.574,15,1,0,0,0,0,0,0.296,84,50
371,,Jake Cave\caveja01,vs LHP,2019,20,50,,46,7,13,3,0,3,6,0,0,3,20,0.283,0.32,0.543,0.863,25,1,0,0,1,0,0,0.417,111,121
372,,Zack Cozart\cozarza01,vs LHP,2019,22,50,,42,2,5,0,0,0,3,0,0,4,7,0.119,0.2,0.119,0.319,5,1,1,0,3,0,0,0.132,95,-12
373,,Jarrod Dyson\dysonja01,vs LHP,2019,41,50,,46,10,15,0,0,0,1,1,0,3,12,0.326,0.38,0.326,0.706,15,1,1,0,0,0,0,0.441,123,90
374,,Erik Gonzalez\gonzaer01,vs LHP,2019,26,50,,48,5,16,2,0,0,1,2,1,2,11,0.333,0.36,0.375,0.735,18,2,0,0,0,0,1,0.432,138,95
375,,Ender Inciarte\inciaen01,vs LHP,2019,32,50,,44,5,12,3,0,0,3,2,0,6,11,0.273,0.36,0.341,0.701,15,1,0,0,0,0,0,0.364,91,87
376,,Josh Naylor\naylojo01,vs LHP,2019,36,50,,48,4,14,3,0,0,4,1,0,2,8,0.292,0.32,0.354,0.674,17,1,0,0,0,0,0,0.35,89,78
377,,Joc Pederson\pederjo01,vs LHP,2019,41,50,,49,6,11,2,0,0,1,0,0,1,15,0.224,0.24,0.265,0.505,13,0,0,0,0,0,0,0.324,20,33
378,,Jesse Winker\winkeje01,vs LHP,2019,34,50,,43,4,7,0,0,0,2,0,0,6,6,0.163,0.28,0.163,0.443,7,1,1,0,0,0,0,0.189,13,22
379,,Adeiny Hechavarria\hechaad01,vs LHP,2019,30,49,,46,11,12,2,0,4,8,1,0,3,6,0.261,0.306,0.565,0.871,26,0,0,0,0,0,0,0.222,130,121
380,,Jacob Stallings\stallja01,vs LHP,2019,27,49,,47,5,16,3,0,3,6,0,0,1,8,0.34,0.367,0.596,0.963,28,0,1,0,0,0,1,0.361,169,147
381,,Victor Caratini\caratvi01,vs LHP,2019,33,48,,40,6,10,3,0,1,4,0,0,6,10,0.25,0.375,0.4,0.775,16,1,2,0,0,0,0,0.31,97,105
382,,Travis Demeritte\demertr01,vs LHP,2019,27,48,,45,7,11,4,0,0,0,0,0,3,15,0.244,0.292,0.333,0.625,15,0,0,0,0,0,0,0.367,99,65
383,,Wilfredo Tovar\tovarwi01,vs LHP,2019,23,47,,43,1,10,3,0,0,4,0,0,4,6,0.233,0.298,0.302,0.6,13,0,0,0,0,0,0,0.27,144,59
384,,Stephen Vogt\vogtst01,vs LHP,2019,31,47,,45,4,10,3,0,2,8,1,0,1,15,0.222,0.234,0.422,0.656,19,0,0,0,1,0,0,0.276,61,67
385,,Pat Valaika\valaipa01,vs LHP,2019,23,46,,42,7,10,4,1,1,3,0,0,4,19,0.238,0.304,0.452,0.757,19,0,0,0,0,0,0,0.409,162,95
386,,Jason Castro\castrja01,vs LHP,2019,29,45,,40,6,5,0,0,0,3,0,0,5,19,0.125,0.222,0.125,0.347,5,0,0,0,0,0,0,0.238,-4,-4
387,,DJ Stewart\stewadj01,vs LHP,2019,22,45,,42,5,14,2,0,0,2,1,1,3,6,0.333,0.378,0.381,0.759,16,1,0,0,0,1,0,0.389,119,102
388,,Matt Wieters\wietema01,vs LHP,2019,27,45,,41,4,8,1,0,4,7,0,0,3,17,0.195,0.267,0.512,0.779,21,0,1,0,0,0,0,0.2,117,98
389,,Isan Diaz\diazis01,vs LHP,2019,25,44,,40,3,4,0,1,1,4,0,0,4,14,0.1,0.182,0.225,0.407,9,2,0,0,0,0,0,0.12,44,7
390,,Adam Duvall\duvalad01,vs LHP,2019,17,44,,39,6,13,2,1,4,8,0,0,3,9,0.333,0.386,0.744,1.13,29,0,1,0,1,0,0,0.333,154,186
391,,Tony Kemp\kempto01,vs LHP,2019,29,44,,38,5,9,1,2,1,7,0,0,2,4,0.237,0.295,0.447,0.743,17,2,2,0,2,0,0,0.229,119,91
392,,Yairo Munoz\munozya01,vs LHP,2019,30,43,,39,3,11,1,0,0,2,1,1,4,11,0.282,0.349,0.308,0.657,12,0,0,0,0,0,0,0.393,104,76
393,,Steve Pearce\pearcst01,vs LHP,2019,21,43,,40,5,8,1,0,1,3,0,0,2,16,0.2,0.238,0.3,0.538,12,1,0,0,0,0,1,0.304,113,41
394,,Greg Garcia\garcigr01,vs LHP,2019,35,42,,35,2,7,0,0,0,3,0,0,6,10,0.2,0.317,0.2,0.517,7,0,0,1,0,0,0,0.28,44,42
395,,Max Stassi\stassma01,vs LHP,2019,23,42,,36,1,1,0,0,0,0,0,0,6,15,0.028,0.167,0.028,0.194,1,0,0,0,0,0,1,0.048,-4,-43
396,,Humberto Arteaga\arteahu01,vs LHP,2019,21,41,,36,2,9,1,0,0,2,1,1,2,6,0.25,0.308,0.278,0.585,10,0,1,2,0,0,1,0.3,140,57
397,,Cam Gallagher\gallaca01,vs LHP,2019,21,41,,36,8,8,3,0,1,6,0,0,3,10,0.222,0.293,0.389,0.682,14,1,1,0,1,0,0,0.269,101,78
398,,Jedd Gyorko\gyorkje01,vs LHP,2019,26,41,,37,2,5,1,0,0,2,1,0,4,9,0.135,0.22,0.162,0.382,6,2,0,0,0,0,0,0.179,54,4
399,,Shed Long\longsh01,vs LHP,2019,20,41,,36,5,12,4,1,1,2,0,0,5,6,0.333,0.415,0.583,0.998,21,0,0,0,0,0,0,0.379,153,159
400,,Brian McCann\mccanbr01,vs LHP,2019,32,41,,35,3,6,2,0,0,4,0,0,5,7,0.171,0.268,0.229,0.497,8,2,0,0,1,0,0,0.207,39,34
401,,Jose Trevino\trevijo01,vs LHP,2019,24,41,,39,5,13,5,0,1,7,0,0,1,8,0.333,0.341,0.538,0.88,21,1,0,0,1,0,0,0.387,166,126
402,,Carlos Gonzalez\gonzaca01,vs LHP,2019,19,40,,35,8,4,0,0,0,0,0,0,5,16,0.114,0.225,0.114,0.339,4,1,0,0,0,0,1,0.211,18,-6
403,,Myles Straw\strawmy01,vs LHP,2019,22,40,,34,10,10,3,0,0,3,2,1,6,5,0.294,0.4,0.382,0.782,13,2,0,0,0,0,0,0.345,117,109
404,,Michael A. Taylor\taylomi02,vs LHP,2019,21,40,,36,4,10,3,0,1,3,1,0,3,13,0.278,0.333,0.444,0.778,16,0,0,1,0,0,0,0.409,131,102
405,,Tomas Nido\nidoto01,vs LHP,2019,18,39,,36,2,7,1,0,2,2,0,0,3,9,0.194,0.256,0.389,0.645,14,2,0,0,0,0,0,0.2,134,66
406,,Gregory Polanco\polangr01,vs LHP,2019,24,39,,35,2,8,0,0,2,5,0,0,2,12,0.229,0.289,0.4,0.689,14,2,1,0,0,0,0,0.286,90,79
407,,Grayson Greiner\greingr01,vs LHP,2019,22,38,,36,4,5,0,0,2,5,0,0,2,13,0.139,0.184,0.306,0.49,11,1,0,0,0,0,1,0.143,73,26
408,,Luke Maile\mailelu01,vs LHP,2019,19,38,,35,3,2,0,0,1,3,0,0,3,12,0.057,0.132,0.143,0.274,5,0,0,0,0,0,0,0.045,25,-27
409,,Ryan Goins\goinsry01,vs LHP,2019,20,37,,32,5,13,0,1,2,6,0,1,3,7,0.406,0.472,0.656,1.128,21,2,1,1,0,0,0,0.478,231,193
410,,Andrew Knapp\knappan01,vs LHP,2019,29,37,,32,3,8,2,0,0,2,0,0,4,11,0.25,0.333,0.313,0.646,10,0,0,1,0,0,0,0.381,101,73
411,,Kristopher Negron\negrokr01,vs LHP,2019,22,37,,34,6,6,0,0,1,3,0,0,3,10,0.176,0.243,0.265,0.508,9,0,0,0,0,1,1,0.217,61,34
412,,Yangervis Solarte\solarya01,vs LHP,2019,14,37,,34,2,6,1,0,0,2,0,0,2,4,0.176,0.222,0.206,0.428,7,3,0,1,0,1,0,0.2,55,14
413,,Alex Avila\avilaal01,vs LHP,2019,25,36,,32,3,7,2,0,1,7,0,0,3,11,0.219,0.306,0.375,0.681,12,4,1,0,0,0,0,0.3,76,78
414,,Yonathan Daza\dazayo01,vs LHP,2019,18,36,,32,0,6,0,0,0,2,1,0,3,4,0.188,0.25,0.188,0.438,6,1,0,0,1,0,0,0.207,77,19
415,,Mike Ford\fordmi01,vs LHP,2019,21,36,,33,8,11,1,0,7,11,0,0,3,4,0.333,0.389,1,1.389,33,0,0,0,0,0,0,0.182,190,245
416,,Trent Grisham\grishtr01,vs LHP,2019,24,36,,32,4,7,1,1,1,4,0,0,3,14,0.219,0.306,0.406,0.712,13,1,1,0,0,0,0,0.353,92,85
417,,Sheldon Neuse\neusesh01,vs LHP,2019,17,36,,33,2,7,2,0,0,4,0,0,2,13,0.212,0.25,0.273,0.523,9,2,0,0,1,0,0,0.333,75,38
418,,Josh Rojas\rojasjo01,vs LHP,2019,24,36,,31,3,9,3,0,0,5,2,0,5,11,0.29,0.389,0.387,0.776,12,0,0,0,0,0,0,0.45,149,106
419,,Dominic Smith\smithdo02,vs LHP,2019,30,36,,33,4,10,1,0,2,7,0,1,3,7,0.303,0.361,0.515,0.876,17,0,0,0,0,0,0,0.333,100,127
420,,Francisco Cervelli\cervefr01,vs LHP,2019,17,35,,32,3,5,1,0,1,3,0,0,3,13,0.156,0.229,0.281,0.51,9,1,0,0,0,0,1,0.222,57,34
421,,Dustin Garneau\garnedu01,vs LHP,2019,18,35,,30,5,9,2,0,1,5,0,0,4,6,0.3,0.4,0.467,0.867,14,1,1,0,0,0,0,0.348,129,128
422,,Rosell Herrera\herrero02,vs LHP,2019,23,35,,32,3,4,0,0,1,2,1,0,2,9,0.125,0.176,0.219,0.395,7,0,0,1,0,0,0,0.136,31,3
423,,Bryan Holaday\holadbr01,vs LHP,2019,20,35,,31,1,8,2,0,0,3,0,0,3,7,0.258,0.314,0.323,0.637,10,1,0,0,1,0,1,0.32,66,69
424,,Meibrys Viloria\vilorme01,vs LHP,2019,26,35,,32,0,4,0,0,0,3,0,1,2,15,0.125,0.171,0.125,0.296,4,2,0,0,1,0,1,0.222,10,-20
425,,Matt Beaty\beatyma01,vs LHP,2019,25,34,,32,0,4,1,0,0,3,1,0,1,6,0.125,0.176,0.156,0.333,5,1,1,0,0,0,0,0.154,-10,-11
426,,Alex Blandino\blandal01,vs LHP,2019,15,34,,26,4,7,1,0,0,1,0,0,7,8,0.269,0.412,0.308,0.719,8,1,0,0,1,0,0,0.368,83,96
427,,Scott Heineman\heinesc01,vs LHP,2019,12,34,,30,4,6,1,0,0,2,0,2,4,9,0.2,0.294,0.233,0.527,7,0,0,0,0,0,1,0.286,59,43
428,,Kyle Garlick\garliky01,vs LHP,2019,19,33,,30,5,8,3,0,3,5,0,0,3,12,0.267,0.333,0.667,1,20,0,0,0,0,1,0,0.333,132,153
429,,Ian Happ\happia01,vs LHP,2019,23,33,,30,3,7,2,1,1,4,0,0,3,11,0.233,0.303,0.467,0.77,14,1,0,0,0,0,0,0.333,74,98
430,,Kendrys Morales\moralke01,vs LHP,2019,19,33,,25,1,5,0,0,0,2,0,0,6,5,0.2,0.364,0.2,0.564,5,1,1,0,1,0,0,0.238,95,56
431,,Yu Chang\changyu01,vs LHP,2019,22,32,,26,3,3,0,0,0,1,0,0,6,9,0.115,0.281,0.115,0.397,3,1,0,0,0,0,0,0.176,40,12
432,,Mac Williamson\willima11,vs LHP,2019,14,32,,30,0,4,0,0,0,2,0,1,2,13,0.133,0.188,0.133,0.321,4,1,0,0,0,0,0,0.235,27,-13
433,,Nick Dini\dinini01,vs LHP,2019,15,31,,28,5,7,2,0,1,5,0,0,2,6,0.25,0.29,0.429,0.719,12,1,0,0,1,0,0,0.273,128,86
434,,Mauricio Dubon\dubonma01,vs LHP,2019,16,31,,30,5,8,2,0,2,2,0,0,1,7,0.267,0.29,0.533,0.824,16,2,0,0,0,0,0,0.286,118,109
435,,Yadiel Rivera\riverya01,vs LHP,2019,18,31,,28,3,6,1,0,0,3,0,0,3,12,0.214,0.29,0.25,0.54,7,1,0,0,0,0,0,0.375,128,45
436,,Drew Butera\buterdr01,vs LHP,2019,12,30,,25,3,4,2,0,0,3,0,0,4,8,0.16,0.267,0.24,0.507,6,2,0,0,1,0,0,0.222,120,36
437,,Scooter Gennett\gennesc01,vs LHP,2019,19,30,,29,2,5,0,0,1,2,0,0,0,8,0.172,0.167,0.276,0.443,8,0,0,0,1,0,0,0.19,54,14
438,,Phil Gosselin\gosseph01,vs LHP,2019,19,30,,27,4,8,0,0,0,1,0,0,3,7,0.296,0.367,0.296,0.663,8,0,0,0,0,0,0,0.4,121,79
439,,Richard Urena\urenari01,vs LHP,2019,18,30,,26,1,6,3,0,0,1,0,0,2,6,0.231,0.286,0.346,0.632,9,0,0,2,0,0,0,0.3,112,66
440,,Justin Bour\bourju01,vs LHP,2019,19,29,,24,1,4,1,0,0,1,0,0,4,9,0.167,0.31,0.208,0.519,5,1,1,0,0,0,0,0.267,77,42
441,,Wilmer Difo\difowi01,vs LHP,2019,18,29,,28,5,9,0,0,1,2,0,0,1,8,0.321,0.345,0.429,0.773,12,1,0,0,0,0,0,0.421,147,103
442,,Aramis Garcia\garciar01,vs LHP,2019,13,29,,25,2,3,0,0,1,1,0,0,4,11,0.12,0.241,0.24,0.481,6,1,0,0,0,1,0,0.154,89,28
443,,Tyler O'Neill\oneilty01,vs LHP,2019,19,29,,26,3,7,1,0,0,0,0,0,3,12,0.269,0.345,0.308,0.653,8,2,0,0,0,0,0,0.5,86,75
444,,Christian Arroyo\arroych01,vs LHP,2019,12,28,,25,2,6,1,0,0,1,0,0,3,9,0.24,0.321,0.28,0.601,7,0,0,0,0,0,0,0.375,79,61
445,,Jonathan Davis\davisjo05,vs LHP,2019,17,28,,22,0,6,0,0,0,1,1,1,4,7,0.273,0.407,0.273,0.68,6,1,1,1,0,0,0,0.4,156,86
446,,Tim Federowicz\federti01,vs LHP,2019,12,28,,25,,5,1,0,0,1,0,0,0,4,0.2,0.2,0.24,0.44,6,1,0,3,0,0,0,0.238,63,15
447,,Jake Lamb\lambja01,vs LHP,2019,23,28,,23,5,7,1,0,3,5,0,0,5,8,0.304,0.429,0.739,1.168,17,0,0,0,0,0,0,0.333,242,198
448,,Nathaniel Lowe\lowena01,vs LHP,2019,14,28,,24,5,7,2,0,2,5,0,0,3,10,0.292,0.393,0.625,1.018,15,1,1,0,0,0,0,0.417,159,162
449,,Ryan McBroom\mcbrory01,vs LHP,2019,12,28,,25,3,7,3,0,0,1,0,0,3,8,0.28,0.357,0.4,0.757,10,1,0,0,0,0,0,0.412,110,100
450,,Kyle Tucker\tuckeky01,vs LHP,2019,14,28,,27,4,8,3,0,1,5,3,0,0,6,0.296,0.321,0.519,0.84,14,0,1,0,0,0,0,0.35,97,116
451,,Josh VanMeter\vanmejo01,vs LHP,2019,19,28,,24,3,3,2,0,0,1,2,0,3,8,0.125,0.25,0.208,0.458,5,0,1,0,0,0,0,0.188,27,23
452,,Ben Zobrist\zobribe01,vs LHP,2019,21,28,,21,7,4,0,0,0,1,0,0,7,4,0.19,0.393,0.19,0.583,4,3,0,0,0,0,0,0.235,71,63
453,,Franklin Barreto\barrefr02,vs LHP,2019,11,27,,27,2,4,0,0,2,5,1,0,0,10,0.148,0.148,0.37,0.519,10,0,0,0,0,0,0,0.133,148,29
454,,Derek Dietrich\dietrde01,vs LHP,2019,21,27,,25,,4,1,0,0,1,0,0,0,9,0.16,0.222,0.2,0.422,5,0,2,0,0,0,0,0.25,11,13
455,,Austin Hays\haysau01,vs LHP,2019,16,27,,25,2,3,1,0,0,2,0,0,2,5,0.12,0.185,0.16,0.345,4,0,0,0,0,0,0,0.15,-23,-7
456,,Gorkys Hernandez\hernago01,vs LHP,2019,12,27,,24,2,1,1,0,0,1,0,0,2,6,0.042,0.115,0.083,0.199,2,0,0,1,0,0,0,0.056,-13,-46
457,,John Ryan Murphy\murphjr01,vs LHP,2019,17,27,,24,4,3,1,0,2,3,0,0,3,12,0.125,0.222,0.417,0.639,10,0,0,0,0,0,0,0.1,91,62
458,,Stephen Strasburg\strasst01,vs LHP,2019,14,27,,25,,2,0,0,0,0,0,0,0,14,0.08,0.08,0.08,0.16,2,0,0,2,0,0,0,0.182,-24,-58
459,,Peter Bourjos\bourjpe01,vs LHP,2019,11,26,,26,2,2,0,0,0,0,1,0,0,9,0.077,0.077,0.077,0.154,2,0,0,0,0,0,0,0.118,38,-59
460,,Carlos Gomez\gomezca01,vs LHP,2019,15,26,,21,3,5,1,0,0,1,0,1,2,3,0.238,0.385,0.286,0.67,6,0,3,0,0,0,0,0.278,123,82
461,,Odubel Herrera\herreod01,vs LHP,2019,16,26,,25,1,7,1,0,0,5,0,0,0,4,0.28,0.269,0.32,0.589,8,0,0,0,1,0,0,0.318,87,55
462,,Matt Joyce\joycema01,vs LHP,2019,23,26,,22,3,6,2,0,0,1,0,0,4,6,0.273,0.385,0.364,0.748,8,0,0,0,0,0,0,0.375,75,100
463,,Jace Peterson\peterja01,vs LHP,2019,14,26,,22,2,5,0,0,1,2,0,0,3,4,0.227,0.346,0.364,0.71,8,0,1,0,0,0,0,0.235,139,88
464,,JT Riddle\riddljt01,vs LHP,2019,19,26,,25,5,6,3,0,3,7,0,0,1,6,0.24,0.269,0.72,0.989,18,0,0,0,0,0,0,0.188,211,145
465,,Brendan Rodgers\rodgebr02,vs LHP,2019,12,26,,24,2,5,0,0,0,4,0,0,2,9,0.208,0.269,0.208,0.478,5,1,0,0,0,0,0,0.333,82,29
466,,Abraham Toro\toroab01,vs LHP,2019,14,26,,23,,2,0,0,0,0,0,0,2,6,0.087,0.192,0.087,0.279,2,0,1,0,0,0,0,0.118,-14,-22
467,,Braden Bishop\bishobr01,vs LHP,2019,12,25,,24,1,2,0,0,0,0,0,0,1,8,0.083,0.12,0.083,0.203,2,0,0,0,0,0,1,0.125,56,-45
468,,Zack Collins\colliza01,vs LHP,2019,12,25,,22,2,3,0,0,0,2,0,0,2,11,0.136,0.24,0.136,0.376,3,0,1,0,0,0,0,0.273,17,4
469,,Kelvin Gutierrez\gutieke01,vs LHP,2019,11,25,,23,1,8,0,1,1,3,0,0,2,7,0.348,0.4,0.565,0.965,13,1,0,0,0,0,0,0.467,190,150
470,,Jack Mayfield\mayfija01,vs LHP,2019,13,25,,24,4,5,3,0,1,3,0,0,1,7,0.208,0.24,0.458,0.698,11,0,0,0,0,0,0,0.25,182,77
471,,Aaron Nola\nolaaa01,vs LHP,2019,13,25,,22,,1,0,0,0,1,0,0,1,16,0.045,0.087,0.045,0.132,1,0,0,2,0,0,1,0.167,-27,-63
472,,Jake Rogers\rogerja03,vs LHP,2019,14,25,,21,2,6,1,0,2,3,0,0,3,11,0.286,0.375,0.619,0.994,13,0,0,1,0,0,0,0.5,308,155
473,,Charlie Tilson\tilsoch01,vs LHP,2019,16,25,,23,1,3,0,0,0,1,0,0,2,7,0.13,0.2,0.13,0.33,3,0,0,0,0,0,1,0.188,14,-10
474,,Madison Bumgarner\bumgama01,vs LHP,2019,15,24,,21,1,3,0,0,1,2,0,0,2,11,0.143,0.217,0.286,0.503,6,0,0,1,0,0,0,0.222,121,31
475,,Zach Davies\davieza02,vs LHP,2019,17,24,,23,1,3,1,0,0,1,0,0,1,12,0.13,0.167,0.174,0.341,4,1,0,0,0,0,0,0.273,89,-10
476,,Zach Eflin\eflinza01,vs LHP,2019,15,24,,22,2,5,0,0,0,1,0,0,0,10,0.227,0.227,0.227,0.455,5,0,0,2,0,0,1,0.417,168,21
477,,Terrance Gore\gorete01,vs LHP,2019,11,24,,20,4,9,1,0,0,0,5,3,3,4,0.45,0.542,0.5,1.042,10,0,1,0,0,0,0,0.563,191,179
478,,Josh Harrison\harrijo05,vs LHP,2019,12,24,,24,2,4,1,0,1,1,0,0,0,6,0.167,0.167,0.333,0.5,8,0,0,0,0,0,0,0.176,103,26
479,,Reese McGuire\mcguire01,vs LHP,2019,15,24,,21,1,5,0,0,1,3,0,0,2,5,0.238,0.304,0.381,0.685,8,0,0,0,0,0,0,0.267,60,79
480,,Chance Sisco\siscoch01,vs LHP,2019,19,24,,19,3,2,0,0,0,0,0,0,3,9,0.105,0.292,0.105,0.397,2,1,2,0,0,0,0,0.2,14,13
481,,Jesus Sucre\sucreje01,vs LHP,2019,14,24,,23,1,5,0,0,0,0,0,0,1,4,0.217,0.25,0.217,0.467,5,1,0,0,0,0,0,0.263,83,25
482,,Matt Thaiss\thaisma01,vs LHP,2019,19,24,,22,1,5,1,0,1,6,0,0,2,7,0.227,0.292,0.409,0.701,9,1,0,0,0,0,0,0.286,97,82
483,,Luis Castillo\castilu02,vs LHP,2019,13,23,,21,1,3,0,0,0,0,0,0,0,10,0.143,0.143,0.143,0.286,3,1,0,2,0,0,0,0.273,174,-24
484,,Lucas Duda\dudalu01,vs LHP,2019,15,23,,21,,2,1,0,0,1,0,0,2,4,0.095,0.174,0.143,0.317,3,1,0,0,0,0,0,0.118,13,-15
485,,Joshua Fuentes\fuentjo01,vs LHP,2019,12,23,,23,1,3,1,0,0,1,1,0,0,11,0.13,0.13,0.174,0.304,4,0,0,0,0,0,0,0.25,-1,-21
486,,Jon Gray\grayjo02,vs LHP,2019,11,23,,19,,0,0,0,0,0,0,0,0,8,0,0,0,0,0,2,0,4,0,0,0,0,-100,-100
487,,Alen Hanson\hansoal01,vs LHP,2019,13,23,,21,3,4,0,0,0,2,1,0,1,9,0.19,0.217,0.19,0.408,4,0,0,0,1,0,0,0.308,111,9
488,,Caleb Smith\smithca03,vs LHP,2019,12,23,,20,1,4,0,0,0,2,0,0,0,8,0.2,0.238,0.2,0.438,4,0,1,2,0,0,0,0.333,67,18
489,,Willi Castro\castrwi01,vs LHP,2019,12,22,,20,4,5,1,0,1,3,0,0,2,6,0.25,0.318,0.45,0.768,9,1,0,0,0,0,0,0.308,144,99
490,,Daniel Descalso\descada01,vs LHP,2019,19,22,,18,2,3,1,0,0,1,0,0,2,4,0.167,0.238,0.222,0.46,4,0,0,1,1,0,0,0.2,77,23
491,,Alex Dickerson\dickeal01,vs LHP,2019,20,22,,21,3,4,1,1,0,2,0,0,1,5,0.19,0.227,0.333,0.561,7,1,0,0,0,0,0,0.25,37,45
492,,Steven Matz\matzst01,vs LHP,2019,12,22,,21,2,6,0,0,1,1,0,0,0,6,0.286,0.286,0.429,0.714,9,0,0,1,0,0,0,0.357,178,85
493,,Brad Miller\millebr02,vs LHP,2019,19,22,,19,3,3,0,0,1,5,0,0,3,7,0.158,0.273,0.316,0.589,6,0,0,0,0,0,2,0.182,39,55
494,,Aaron Altherr\altheaa01,vs LHP,2019,15,21,,20,5,3,2,0,0,1,0,0,1,6,0.15,0.19,0.25,0.44,5,0,0,0,0,0,1,0.214,192,15
495,,Zack Greinke\greinza01,vs LHP,2019,13,21,,19,4,8,2,0,2,5,0,0,1,4,0.421,0.45,0.842,1.292,16,0,0,1,0,0,0,0.462,191,228
496,,Joey Lucchesi\lucchjo01,vs LHP,2019,12,21,,17,,0,0,0,0,0,0,0,1,14,0,0.056,0,0.056,0,0,0,3,0,0,0,0,-32,-83
497,,Nick Martini\martini02,vs LHP,2019,13,21,,18,1,0,0,0,0,1,0,0,2,8,0,0.095,0,0.095,0,0,0,0,1,0,0,0,-71,-71
498,,Kevin Cron\cronke01,vs LHP,2019,14,20,,18,3,4,1,0,1,5,0,0,1,9,0.222,0.25,0.444,0.694,8,1,0,0,1,0,1,0.333,78,77
499,,Jake Elmore\elmorja01,vs LHP,2019,10,20,,20,1,3,1,0,0,3,0,0,0,1,0.15,0.15,0.2,0.35,4,0,0,0,0,0,0,0.158,47,-9
500,,Robel Garcia\garciro02,vs LHP,2019,12,20,,18,2,2,0,1,1,2,0,0,2,11,0.111,0.2,0.389,0.589,7,2,0,0,0,0,0,0.167,51,49
501,,Sam Hilliard\hillisa01,vs LHP,2019,12,20,,15,2,4,0,0,2,3,0,0,5,5,0.267,0.45,0.667,1.117,10,1,0,0,0,0,0,0.25,129,188
502,,Kyle Lewis\lewisky01,vs LHP,2019,11,20,,19,2,3,0,0,1,2,0,0,1,11,0.158,0.2,0.316,0.516,6,0,0,0,0,0,0,0.286,22,33
503,,Sean Murphy\murphse01,vs LHP,2019,10,20,,18,5,5,2,0,0,3,0,0,2,5,0.278,0.35,0.389,0.739,7,2,0,0,0,0,0,0.385,74,95
504,,Blake Swihart\swihabl01,vs LHP,2019,13,20,,18,2,2,0,0,0,0,0,0,2,7,0.111,0.2,0.111,0.311,2,0,0,0,0,0,0,0.182,27,-14
505,,Mark Trumbo\trumbma01,vs LHP,2019,9,20,,19,1,3,3,0,0,3,0,0,1,3,0.158,0.2,0.316,0.516,6,2,0,0,0,0,0,0.188,103,33
506,,Mark Zagunis\zagunma01,vs LHP,2019,12,20,,18,,5,2,0,0,3,0,0,2,5,0.278,0.35,0.389,0.739,7,1,0,0,0,0,0,0.385,125,95
507,,Walker Buehler\buehlwa01,vs LHP,2019,10,19,,18,,0,0,0,0,0,0,0,0,10,0,0,0,0,0,0,0,1,0,0,1,0,-100,-100
508,,Patrick Corbin\corbipa01,vs LHP,2019,10,19,,16,,0,0,0,0,0,0,0,0,6,0,0,0,0,0,0,0,3,0,0,1,0,-100,-100
509,,Peter Lambert\lambepe01,vs LHP,2019,13,19,,16,2,7,0,0,0,1,0,0,1,2,0.438,0.471,0.438,0.908,7,1,0,2,0,0,0,0.5,158,143
510,,Joe Musgrove\musgrjo01,vs LHP,2019,12,19,,16,1,4,1,0,0,2,0,0,0,7,0.25,0.25,0.313,0.563,5,1,0,3,0,0,0,0.444,166,47
511,,Hanley Ramirez\ramirha01,vs LHP,2019,9,19,,17,1,3,1,0,0,3,0,0,2,7,0.176,0.263,0.235,0.498,4,1,0,0,0,0,0,0.3,60,34
512,,Tyler Saladino\saladty01,vs LHP,2019,9,19,,18,1,2,0,0,1,4,0,0,1,9,0.111,0.158,0.278,0.436,5,0,0,0,0,0,0,0.125,110,11
513,,Julio Teheran\teherju01,vs LHP,2019,10,19,,17,1,2,1,0,0,1,0,0,0,5,0.118,0.111,0.176,0.288,3,0,0,1,1,0,0,0.154,142,-26
514,,Tyler Wade\wadety01,vs LHP,2019,12,19,,18,1,5,2,0,0,2,2,0,1,6,0.278,0.316,0.389,0.705,7,0,0,0,0,0,0,0.417,103,85
515,,Nick Hundley\hundlni01,vs LHP,2019,10,18,,17,1,2,0,0,1,2,0,0,0,4,0.118,0.167,0.294,0.461,5,5,1,0,0,0,0,0.083,54,18
516,,Clayton Kershaw\kershcl01,vs LHP,2019,10,18,,13,,1,0,0,0,0,0,0,0,4,0.077,0.077,0.077,0.154,1,0,0,5,0,0,1,0.111,27,-59
517,,Michael Lorenzen\lorenmi01,vs LHP,2019,12,18,,16,1,3,1,0,0,2,1,1,2,7,0.188,0.278,0.25,0.528,4,0,0,0,0,0,0,0.333,78,41
518,,Cedric Mullins\mullice01,vs LHP,2019,10,18,,15,,1,0,0,0,0,0,0,2,5,0.067,0.176,0.067,0.243,1,0,0,1,0,0,1,0.1,40,-31
519,,Antonio Senzatela\senzaan01,vs LHP,2019,10,18,,16,1,1,0,0,0,2,0,0,0,10,0.063,0.063,0.063,0.125,1,0,0,2,0,0,0,0.167,281,-67
520,,Cory Spangenberg\spangco01,vs LHP,2019,9,18,,17,3,3,0,1,1,2,1,0,0,9,0.176,0.176,0.471,0.647,8,0,0,1,0,0,0,0.286,95,61
521,,Danny Mendick\mendida01,vs LHP,2019,8,17,,17,,4,0,0,0,1,0,0,0,8,0.235,0.235,0.235,0.471,4,1,0,0,0,0,0,0.444,23,25
522,,Giancarlo Stanton\stantmi03,vs LHP,2019,10,17,,14,2,4,2,0,1,1,0,0,3,8,0.286,0.412,0.643,1.055,9,0,0,0,0,0,0,0.6,133,171
523,,Noah Syndergaard\syndeno01,vs LHP,2019,12,17,,16,1,0,0,0,0,0,0,0,1,15,0,0.059,0,0.059,0,0,0,0,0,0,0,0,-55,-82
524,,Nick Williams\willini01,vs LHP,2019,15,17,,17,1,2,1,0,0,2,0,0,0,9,0.118,0.118,0.176,0.294,3,0,0,0,0,0,0,0.25,32,-24
525,,Trevor Williams\willitr01,vs LHP,2019,10,17,,12,2,2,0,0,0,0,0,0,1,6,0.167,0.231,0.167,0.397,2,0,0,4,0,0,0,0.333,110,8
526,,Austin Wynns\wynnsau01,vs LHP,2019,9,17,,16,1,3,1,0,0,1,0,0,1,1,0.188,0.235,0.25,0.485,4,0,0,0,0,0,2,0.2,87,28
527,,Tyler Beede\beedety01,vs LHP,2019,10,16,,16,,0,0,0,0,0,0,0,0,12,0,0,0,0,0,0,0,0,0,0,0,0,-100,-100
528,,Anthony DeSclafani\desclan01,vs LHP,2019,10,16,,15,,1,0,0,0,1,0,0,0,10,0.067,0.067,0.067,0.133,1,0,0,1,0,0,0,0.2,23,-64
529,,Kenta Maeda\maedake01,vs LHP,2019,9,16,,9,,3,0,0,0,3,0,0,0,2,0.333,0.333,0.333,0.667,3,0,0,7,0,0,0,0.429,147,77
530,,Robbie Ray\rayro02,vs LHP,2019,12,16,,15,,1,0,0,0,2,0,0,0,9,0.067,0.067,0.067,0.133,1,1,0,1,0,0,0,0.167,84,-64
531,,JB Shuck\shuckja01,vs LHP,2019,7,16,,15,2,4,0,1,0,1,1,1,0,4,0.267,0.267,0.4,0.667,6,0,0,1,0,0,1,0.364,136,72
532,,Breyvic Valera\valerbr01,vs LHP,2019,11,16,,15,3,4,1,0,0,2,0,0,0,4,0.267,0.313,0.333,0.646,5,0,1,0,0,0,0,0.364,89,71
533,,Adam Wainwright\wainwad01,vs LHP,2019,10,16,,15,1,1,1,0,0,0,0,0,0,6,0.067,0.067,0.133,0.2,2,0,0,1,0,0,1,0.111,-4,-49
534,,Chad Wallach\wallach01,vs LHP,2019,9,16,,13,1,4,1,0,0,0,0,0,3,4,0.308,0.438,0.385,0.822,5,0,0,0,0,0,0,0.444,134,121
535,,Ryan Court\courtry01,vs LHP,2019,6,15,,15,,4,1,0,0,4,0,0,0,7,0.267,0.267,0.333,0.6,5,0,0,0,0,0,0,0.5,100,57
536,,Jaylin Davis\davisja03,vs LHP,2019,9,15,,13,0,2,0,0,0,0,1,1,2,4,0.154,0.267,0.154,0.421,2,0,0,0,0,0,1,0.222,69,16
537,,Rajai Davis\davisra01,vs LHP,2019,13,15,,15,2,4,1,0,1,7,0,0,0,2,0.267,0.267,0.533,0.8,8,0,0,0,0,0,1,0.25,149,102
538,,Thairo Estrada\estrath01,vs LHP,2019,9,15,,13,3,2,0,0,0,1,1,0,2,5,0.154,0.267,0.154,0.421,2,0,0,0,0,0,0,0.25,26,16
539,,Isaac Galloway\gallois01,vs LHP,2019,7,15,,15,2,1,0,0,0,0,0,0,0,5,0.067,0.067,0.067,0.133,1,0,0,0,0,0,0,0.1,-24,-64
540,,Kyle Higashioka\higasky01,vs LHP,2019,9,15,,15,3,4,2,0,1,3,0,0,0,5,0.267,0.267,0.6,0.867,9,0,0,0,0,0,0,0.333,156,118
541,,Merrill Kelly\kellyme01,vs LHP,2019,7,15,,13,,0,0,0,0,0,0,0,1,9,0,0.071,0,0.071,0,0,0,1,0,0,0,0,27,-78
542,,Matt Kemp\kempma01,vs LHP,2019,7,15,,14,2,4,1,0,1,3,0,0,1,4,0.286,0.333,0.571,0.905,8,0,0,0,0,0,0,0.333,260,131
543,,Eric Lauer\lauerer01,vs LHP,2019,9,15,,10,1,1,1,0,0,0,0,0,1,6,0.1,0.182,0.2,0.382,2,0,0,3,0,0,0,0.25,183,1
544,,Peter O'Brien\obriepe01,vs LHP,2019,7,15,,15,,1,0,0,0,0,0,0,0,7,0.067,0.067,0.067,0.133,1,2,0,0,0,0,0,0.125,-48,-64
545,,Zack Wheeler\wheelza01,vs LHP,2019,9,15,,13,1,2,0,0,0,1,0,0,0,4,0.154,0.214,0.154,0.368,2,0,1,1,0,0,0,0.222,33,0
546,,Brandon Woodruff\woodrbr01,vs LHP,2019,10,15,,14,1,4,1,0,0,0,0,0,1,7,0.286,0.333,0.357,0.69,5,0,0,0,0,0,0,0.571,118,83
547,,Chase Anderson\anderch01,vs LHP,2019,9,14,,13,,2,0,0,0,0,0,0,1,6,0.154,0.214,0.154,0.368,2,0,0,0,0,0,1,0.286,173,0
548,,Seth Brown\brownse01,vs LHP,2019,10,14,,14,1,3,0,0,0,1,0,0,0,4,0.214,0.214,0.214,0.429,3,1,0,0,0,0,0,0.3,7,14
549,,Jack Flaherty\flaheja01,vs LHP,2019,10,14,,11,3,2,0,0,0,1,0,0,1,3,0.182,0.25,0.182,0.432,2,0,0,2,0,0,0,0.25,94,18
550,,Max Fried\friedma01,vs LHP,2019,8,14,,13,2,4,0,0,0,0,0,0,0,3,0.308,0.308,0.308,0.615,4,0,0,1,0,0,0,0.4,133,64
551,,Connor Joe\joeco01,vs LHP,2019,7,14,,13,1,1,0,0,0,0,0,0,1,4,0.077,0.143,0.077,0.22,1,1,0,0,0,0,0,0.111,129,-39
552,,German Marquez\marquge01,vs LHP,2019,7,14,,11,1,3,2,0,0,4,0,0,0,5,0.273,0.273,0.455,0.727,5,0,0,3,0,0,0,0.5,148,86
553,,Jose Pirela\pireljo01,vs LHP,2019,8,14,,12,1,4,1,0,1,2,0,0,2,3,0.333,0.429,0.667,1.095,8,0,0,0,0,0,0,0.375,255,182
554,,Hyun Jin Ryu\ryuhy01,vs LHP,2019,8,14,,10,1,1,0,0,0,0,0,0,2,3,0.1,0.25,0.1,0.35,1,0,0,2,0,0,0,0.143,57,-1
555,,Eric Stamets\stameer01,vs LHP,2019,9,14,,11,3,1,1,0,0,0,0,0,2,5,0.091,0.231,0.182,0.413,2,1,0,1,0,0,1,0.167,304,12
556,,Taylor Ward\wardta01,vs LHP,2019,9,14,,12,1,2,0,0,0,1,0,0,2,7,0.167,0.286,0.167,0.452,2,0,0,0,0,0,0,0.4,48,25
557,,Anthony Alford\alforan01,vs LHP,2019,9,13,,13,0,0,0,0,0,0,1,0,0,7,0,0,0,0,0,0,0,0,0,0,0,0,-100,-100
558,,Bobby Bradley\bradlbo01,vs LHP,2019,6,13,,12,1,2,2,0,0,2,0,0,1,5,0.167,0.231,0.333,0.564,4,0,0,0,0,0,1,0.286,88,46
559,,Taylor Clarke\clarkta01,vs LHP,2019,10,13,,12,1,4,0,0,1,1,0,0,0,5,0.333,0.333,0.583,0.917,7,0,0,1,0,0,0,0.5,189,134
560,,Jacob deGrom\degroja01,vs LHP,2019,7,13,,12,,3,0,0,0,1,0,0,0,4,0.25,0.25,0.25,0.5,3,0,0,1,0,0,0,0.375,79,33
561,,Jeff Hoffman\hoffmje02,vs LHP,2019,8,13,,12,,1,0,0,0,1,0,0,0,6,0.083,0.083,0.083,0.167,1,0,0,1,0,0,0,0.167,-30,-56
562,,Ryan LaMarre\lamarry01,vs LHP,2019,8,13,,13,2,4,0,0,2,3,0,1,0,2,0.308,0.308,0.769,1.077,10,0,0,0,0,0,0,0.222,161,168
563,,Jon Lester\lestejo01,vs LHP,2019,8,13,,11,1,0,0,0,0,0,0,0,2,3,0,0.154,0,0.154,0,1,0,0,0,0,1,0,-42,-53
564,,Miles Mikolas\mikolmi01,vs LHP,2019,9,13,,12,1,3,0,0,0,0,0,0,0,4,0.25,0.25,0.25,0.5,3,0,0,1,0,0,0,0.375,247,33
565,,Brett Phillips\phillbr02,vs LHP,2019,11,13,,10,1,2,1,0,0,0,1,0,2,3,0.2,0.333,0.3,0.633,3,0,0,1,0,0,0,0.286,149,70
566,,Jeff Samardzija\samarje01,vs LHP,2019,8,13,,12,1,1,1,0,0,0,0,0,0,5,0.083,0.083,0.167,0.25,2,0,0,1,0,0,0,0.143,74,-37
567,,Scott Schebler\schebsc01,vs LHP,2019,10,13,,13,2,2,0,0,1,2,0,0,0,2,0.154,0.154,0.385,0.538,5,1,0,0,0,0,0,0.1,134,34
568,,Max Scherzer\scherma01,vs LHP,2019,7,13,,11,2,2,0,0,0,0,0,0,0,8,0.182,0.182,0.182,0.364,2,0,0,2,0,0,1,0.667,100,-3
569,,Frank Schwindel\schwifr01,vs LHP,2019,5,13,,13,,1,0,0,0,0,0,0,0,1,0.077,0.077,0.077,0.154,1,0,0,0,0,0,1,0.083,130,-59
570,,Jorge Bonifacio\bonifjo01,vs LHP,2019,4,12,,11,2,5,2,0,0,2,0,0,1,4,0.455,0.5,0.636,1.136,7,0,0,0,0,0,0,0.714,158,197
571,,Zach Green\greenza01,vs LHP,2019,5,12,,10,1,2,1,0,0,1,0,0,2,4,0.2,0.333,0.3,0.633,3,1,0,0,0,0,1,0.333,173,70
572,,Nico Hoerner\hoernni01,vs LHP,2019,9,12,,11,1,3,0,0,1,5,0,0,0,1,0.273,0.25,0.545,0.795,6,0,0,0,1,0,0,0.2,107,100
573,,Pablo Lopez\lopezpa01,vs LHP,2019,7,12,,12,,2,0,0,0,0,0,0,0,7,0.167,0.167,0.167,0.333,2,0,0,0,0,0,0,0.4,71,-11
574,,Gavin Lux\luxga01,vs LHP,2019,8,12,,12,4,1,0,0,1,1,0,0,0,4,0.083,0.083,0.333,0.417,4,0,0,0,0,0,1,0,11,1
575,,Rafael Ortega\ortegra01,vs LHP,2019,9,12,,12,,1,0,0,0,0,0,0,0,3,0.083,0.083,0.083,0.167,1,0,0,0,0,0,0,0.111,-42,-56
576,,Anibal Sanchez\sanchan01,vs LHP,2019,7,12,,11,,1,0,0,0,1,0,0,0,6,0.091,0.091,0.091,0.182,1,1,0,1,0,0,0,0.2,58,-52
577,,Jason Vargas\vargaja01,vs LHP,2019,8,12,,11,,0,0,0,0,0,0,0,0,4,0,0,0,0,0,1,0,1,0,0,0,0,-100,-100
578,,Miguel Andujar\andujmi01,vs LHP,2019,4,11,,11,1,0,0,0,0,0,0,0,0,3,0,0,0,0,0,0,0,0,0,0,0,0,-100,-100
579,,Jake Arrieta\arrieja01,vs LHP,2019,7,11,,9,1,3,0,0,0,3,0,0,0,2,0.333,0.333,0.333,0.667,3,0,0,2,0,0,0,0.429,279,77
580,,Steven Brault\braulst01,vs LHP,2019,8,11,,8,3,4,0,0,0,1,0,0,1,1,0.5,0.556,0.5,1.056,4,0,0,2,0,0,0,0.571,176,183
581,,Eric Haase\haaseer01,vs LHP,2019,6,11,,10,1,1,0,0,1,3,0,0,1,6,0.1,0.182,0.4,0.582,4,0,0,0,0,0,0,0,214,46
582,,Kyle Hendricks\hendrky01,vs LHP,2019,7,11,,9,,0,0,0,0,0,0,0,1,7,0,0.1,0,0.1,0,0,0,1,0,0,0,0,-48,-70
583,,Michael Hermosillo\hermomi01,vs LHP,2019,7,11,,7,2,0,0,0,0,1,1,0,1,4,0,0.273,0,0.273,0,0,2,0,1,0,0,0,-10,-17
584,,Dallas Keuchel\keuchda01,vs LHP,2019,6,11,,11,,1,1,0,0,0,0,0,0,8,0.091,0.091,0.182,0.273,2,0,0,0,0,0,0,0.333,74,-31
585,,Erik Kratz\kratzer01,vs LHP,2019,7,11,,10,,2,2,0,0,1,0,0,1,2,0.2,0.273,0.4,0.673,4,0,0,0,0,0,0,0.25,257,74
586,,Jordan Lyles\lylesjo01,vs LHP,2019,6,11,,11,,0,0,0,0,0,0,0,0,10,0,0,0,0,0,0,0,0,0,0,0,0,-100,-100
587,,Max Moroff\morofma01,vs LHP,2019,7,11,,10,1,0,0,0,0,0,0,0,1,4,0,0.091,0,0.091,0,0,0,0,0,0,0,0,-48,-72
588,,Daniel Palka\palkada01,vs LHP,2019,7,11,,11,,1,0,0,0,1,0,0,0,3,0.091,0.091,0.091,0.182,1,1,0,0,0,0,0,0.125,-2,-52
589,,Michael Perez\perezmi03,vs LHP,2019,8,11,,11,1,3,1,0,0,0,0,0,0,5,0.273,0.273,0.364,0.636,4,0,0,0,0,0,0,0.5,91,66
590,,Dustin Peterson\peterdu01,vs LHP,2019,7,11,,8,1,3,1,0,0,1,0,0,2,3,0.375,0.545,0.5,1.045,4,0,1,0,0,0,0,0.6,254,180
591,,Jose Quintana\quintjo01,vs LHP,2019,7,11,,8,,0,0,0,0,0,0,0,0,6,0,0,0,0,0,0,0,3,0,0,0,0,-100,-100
592,,Lane Thomas\thomala02,vs LHP,2019,9,11,,11,1,4,0,1,1,3,0,1,0,2,0.364,0.364,0.818,1.182,9,0,0,0,0,0,0,0.375,109,197
593,,Cristhian Adames\adamecr01,vs LHP,2019,6,10,,9,,2,1,0,0,0,0,0,1,3,0.222,0.3,0.333,0.633,3,0,0,0,0,0,0,0.333,72,67
594,,Austin Allen\allenau01,vs LHP,2019,8,10,,10,1,1,0,0,0,1,0,0,0,4,0.1,0.1,0.1,0.2,1,1,0,0,0,0,0,0.167,-28,-47
595,,Yu Darvish\darviyu01,vs LHP,2019,6,10,,10,1,2,0,0,0,1,0,0,0,5,0.2,0.2,0.2,0.4,2,0,0,0,0,0,1,0.4,293,6
596,,Kyle Freeland\freelky01,vs LHP,2019,7,10,,8,1,0,0,0,0,0,0,0,1,6,0,0.111,0,0.111,0,1,0,1,0,0,0,0,-42,-66
597,,Chris Herrmann\herrmch01,vs LHP,2019,6,10,,10,3,2,0,0,0,1,0,0,0,2,0.2,0.2,0.2,0.4,2,2,0,0,0,0,0,0.25,44,6
598,,Andrew Knizner\kniznan01,vs LHP,2019,6,10,,10,,2,0,0,0,1,0,0,0,2,0.2,0.2,0.2,0.4,2,0,0,0,0,0,0,0.25,21,6
599,,Kevin Kramer\krameke01,vs LHP,2019,6,10,,10,,1,0,0,0,0,0,0,0,4,0.1,0.1,0.1,0.2,1,0,0,0,0,0,0,0.167,-9,-47
600,,Tyler Mahle\mahlety01,vs LHP,2019,5,10,,9,,0,0,0,0,0,0,0,0,6,0,0,0,0,0,0,0,1,0,0,0,0,-100,-100
601,,Erick Mejia\mejiaer01,vs LHP,2019,5,10,,9,2,3,1,0,0,2,0,0,1,2,0.333,0.4,0.444,0.844,4,0,0,0,0,0,0,0.429,183,123
602,,Seth Mejias-Brean\mejiase01,vs LHP,2019,7,10,,9,,2,1,0,0,0,0,0,1,2,0.222,0.3,0.333,0.633,3,1,0,0,0,0,0,0.286,66,67
603,,LaMonte Wade Jr\wadela01,vs LHP,2019,8,10,,7,2,0,0,0,0,0,0,1,1,2,0,0.3,0,0.3,0,0,2,0,0,0,0,0,-14,-9
604,,Mason Williams\willima10,vs LHP,2019,7,10,,9,3,2,0,0,0,0,1,0,1,3,0.222,0.3,0.222,0.522,2,0,0,0,0,0,0,0.333,67,42
605,,Patrick Wisdom\wisdopa01,vs LHP,2019,4,10,,8,,1,0,0,0,0,0,0,1,5,0.125,0.222,0.125,0.347,1,0,0,1,0,0,1,0.333,85,-4
606,,Sandy Alcantara\alcansa01,vs LHP,2019,6,9,,7,,0,0,0,0,0,0,0,0,7,0,0,0,0,0,0,0,2,0,0,0,,-100,-100
607,,Greg Bird\birdgr01,vs LHP,2019,6,9,,8,2,2,0,0,1,1,0,0,1,3,0.25,0.333,0.625,0.958,5,0,0,0,0,0,1,0.25,257,143
608,,Nicky Delmonico\delmoni01,vs LHP,2019,7,9,,9,,2,0,0,0,0,0,0,0,5,0.222,0.222,0.222,0.444,2,0,0,0,0,0,0,0.5,61,18
609,,Mike Foltynewicz\foltymi01,vs LHP,2019,6,9,,7,,0,0,0,0,1,0,0,0,4,0,0,0,0,0,0,0,2,0,0,0,0,-100,-100
610,,Jake Fraley\fraleja01,vs LHP,2019,5,9,,9,,1,0,0,0,0,0,0,0,4,0.111,0.111,0.111,0.222,1,0,0,0,0,0,0,0.2,20,-41
611,,Adrian Houser\housead01,vs LHP,2019,6,9,,7,,1,1,0,0,0,0,0,0,5,0.143,0.143,0.286,0.429,2,0,0,2,0,0,0,0.5,329,9
612,,Chris Paddack\paddach01,vs LHP,2019,5,9,,8,,1,0,0,0,0,0,0,0,2,0.125,0.125,0.125,0.25,1,0,0,1,0,0,0,0.167,110,-34
613,,Adrian Sanchez\sanchad01,vs LHP,2019,9,9,,8,,2,0,0,0,1,0,0,1,2,0.25,0.333,0.25,0.583,2,0,0,0,0,0,0,0.333,144,58
614,,Mike Soroka\sorokmi01,vs LHP,2019,6,9,,6,2,0,0,0,0,0,0,0,0,2,0,0,0,0,0,0,0,3,0,0,1,0,-100,-100
615,,Ross Stripling\stripro01,vs LHP,2019,6,9,,7,,0,0,0,0,0,0,0,0,1,0,0,0,0,0,1,0,2,0,0,0,0,-100,-100
616,,Garrett Stubbs\stubbga01,vs LHP,2019,6,9,,8,4,3,2,0,0,2,0,0,1,0,0.375,0.444,0.625,1.069,5,0,0,0,0,0,1,0.375,276,177
617,,Kevin Gausman\gausmke01,vs LHP,2019,5,8,,8,,0,0,0,0,0,0,0,0,6,0,0,0,0,0,0,0,0,0,0,0,0,-100,-100
618,,Dakota Hudson\hudsoda02,vs LHP,2019,5,8,,6,1,2,0,0,0,0,0,0,0,3,0.333,0.429,0.333,0.762,2,0,1,1,0,0,0,0.667,774,106
619,,Carter Kieboom\kieboca01,vs LHP,2019,3,8,,7,1,1,0,0,0,0,0,0,1,2,0.143,0.25,0.143,0.393,1,0,0,0,0,0,0,0.2,70,9
620,,Tzu-Wei Lin\lintz02,vs LHP,2019,4,8,,7,1,2,1,0,0,0,0,0,1,3,0.286,0.375,0.429,0.804,3,0,0,0,0,0,0,0.5,180,112
621,,Edwin Rios\riosed01,vs LHP,2019,8,8,,7,2,2,1,0,0,0,0,0,1,3,0.286,0.375,0.429,0.804,3,0,0,0,0,0,0,0.5,65,112
622,,Dereck Rodriguez\rodride01,vs LHP,2019,5,8,,8,,2,0,0,0,0,0,0,0,6,0.25,0.25,0.25,0.5,2,0,0,0,0,0,0,1,191,33
623,,Joe Ross\rossjo01,vs LHP,2019,5,8,,8,,1,0,0,0,0,0,0,0,4,0.125,0.125,0.125,0.25,1,0,0,0,0,0,0,0.25,102,-34
624,,Matt Skole\skolema01,vs LHP,2019,7,8,,8,1,2,0,0,0,1,0,0,0,4,0.25,0.25,0.25,0.5,2,0,0,0,0,0,0,0.5,97,33
625,,Andrew Velazquez\velazan01,vs LHP,2019,4,8,,7,2,1,1,0,0,0,1,0,1,4,0.143,0.25,0.286,0.536,2,0,0,0,0,0,0,0.333,264,41
626,,Jared Walsh\walshja01,vs LHP,2019,6,8,,8,2,2,2,0,0,1,0,0,0,2,0.25,0.25,0.5,0.75,4,0,0,0,0,0,0,0.333,143,90
627,,Bobby Wilson\wilsobo02,vs LHP,2019,4,8,,7,,0,0,0,0,0,0,0,1,1,0,0.125,0,0.125,0,0,0,0,0,0,0,0,-4,-62
628,,Abiatal Avelino\aveliab01,vs LHP,2019,3,7,,6,,2,0,0,0,1,0,0,1,3,0.333,0.429,0.333,0.762,2,0,0,0,0,0,0,0.667,131,106
629,,David Freitas\freitda01,vs LHP,2019,6,7,,4,2,0,0,0,0,1,0,0,2,2,0,0.286,0,0.286,0,0,0,0,1,0,0,0,14,-13
630,,Zac Gallen\galleza01,vs LHP,2019,4,7,,4,1,1,0,0,0,1,0,0,0,2,0.25,0.25,0.25,0.5,1,0,0,3,0,0,0,0.5,376,33
631,,Gio Gonzalez\gonzagi01,vs LHP,2019,5,7,,7,1,1,0,0,0,0,0,0,0,5,0.143,0.143,0.143,0.286,1,0,0,0,0,0,0,0.5,443,-24
632,,Sonny Gray\grayso01,vs LHP,2019,5,7,,6,,0,0,0,0,0,0,0,0,4,0,0,0,0,0,0,0,1,0,0,0,0,-100,-100
633,,Cole Hamels\hamelco01,vs LHP,2019,5,7,,7,,1,0,0,0,2,0,0,0,3,0.143,0.143,0.143,0.286,1,1,0,0,0,0,0,0.25,66,-24
634,,Rich Hill\hillri01,vs LHP,2019,5,7,,6,,0,0,0,0,0,0,0,1,3,0,0.143,0,0.143,0,0,0,0,0,0,0,0,-32,-56
635,,Derek Holland\hollade01,vs LHP,2019,5,7,,6,,0,0,0,0,0,0,0,0,5,0,0,0,0,0,0,0,1,0,0,0,0,-100,-100
636,,Nick Pivetta\pivetni01,vs LHP,2019,4,7,,7,,0,0,0,0,0,0,0,0,6,0,0,0,0,0,0,0,0,0,0,0,0,-100,-100
637,,Drew Pomeranz\pomerdr01,vs LHP,2019,5,7,,7,,0,0,0,0,0,0,0,0,5,0,0,0,0,0,0,0,0,0,0,0,0,,-100
638,,Rangel Ravelo\ravelra01,vs LHP,2019,7,7,,6,,1,0,0,0,1,0,0,1,1,0.167,0.286,0.167,0.452,1,0,0,0,0,0,0,0.2,53,25
639,,Trevor Richards\richatr01,vs LHP,2019,4,7,,7,1,1,0,0,0,0,0,0,0,2,0.143,0.143,0.143,0.286,1,0,0,0,0,0,0,0.2,135,-24
640,,Tanner Roark\roarkta01,vs LHP,2019,4,7,,7,,1,0,0,0,0,0,0,0,3,0.143,0.143,0.143,0.286,1,0,0,0,0,0,0,0.25,47,-24
641,,Logan Webb\webblo01,vs LHP,2019,3,7,,6,,1,0,0,0,0,0,0,0,2,0.167,0.167,0.167,0.333,1,1,0,1,0,0,0,0.25,134,-11
642,,Shaun Anderson\andersh01,vs LHP,2019,4,6,,6,,0,0,0,0,0,0,0,0,6,0,0,0,0,0,0,0,0,0,0,0,,-100,-100
643,,Anthony Bemboom\bemboan01,vs LHP,2019,5,6,,5,1,1,0,0,1,2,0,0,1,1,0.2,0.333,0.8,1.133,4,0,0,0,0,0,0,0,522,183
644,,Mike Gerber\gerbemi01,vs LHP,2019,5,6,,6,,0,0,0,0,0,0,0,0,4,0,0,0,0,0,0,0,0,0,0,0,0,-100,-100
645,,Zack Godley\godleza01,vs LHP,2019,5,6,,4,,0,0,0,0,1,0,0,2,4,0,0.333,0,0.333,0,0,0,0,0,0,0,,22,2
646,,Chi Chi Gonzalez\gonzach01,vs LHP,2019,4,6,,6,,0,0,0,0,0,0,0,0,5,0,0,0,0,0,0,0,0,0,0,0,0,-100,-100
647,,Luis Guillorme\guilllu01,vs LHP,2019,6,6,,6,4,2,0,0,0,0,0,0,0,2,0.333,0.333,0.333,0.667,2,0,0,0,0,0,0,0.5,95,77
648,,Alex Jackson\jacksal02,vs LHP,2019,3,6,,5,,0,0,0,0,0,0,0,1,2,0,0.167,0,0.167,0,0,0,0,0,1,0,0,,-49
649,,Caleb Joseph\josepca01,vs LHP,2019,6,6,,6,2,2,0,0,0,2,0,0,0,2,0.333,0.333,0.333,0.667,2,0,0,0,0,0,0,0.5,160,77
650,,Dinelson Lamet\lametdi01,vs LHP,2019,4,6,,6,,0,0,0,0,0,0,0,0,3,0,0,0,0,0,0,0,0,0,0,0,0,-100,-100
651,,Dustin May\maydu01,vs LHP,2019,3,6,,6,,1,0,0,0,0,0,0,0,2,0.167,0.167,0.167,0.333,1,0,0,0,0,0,0,0.25,267,-11
652,,James Paxton\paxtoja01,vs LHP,2019,2,6,,5,,0,0,0,0,0,0,0,0,5,0,0,0,0,0,0,0,1,0,0,0,,,-100
653,,Cal Quantrill\quantca01,vs LHP,2019,3,6,,5,,1,0,0,0,1,0,0,0,2,0.2,0.2,0.2,0.4,1,0,0,1,0,0,1,0.333,324,6
654,,Michael Reed\reedmi02,vs LHP,2019,3,6,,6,,0,0,0,0,0,0,0,0,4,0,0,0,0,0,0,0,0,0,0,0,0,,-100
655,,Rene Rivera\riverre01,vs LHP,2019,3,6,,4,,0,0,0,0,0,0,0,2,1,0,0.333,0,0.333,0,0,0,0,0,0,0,0,-5,2
656,,Yasmany Tomás\tomasya01,vs LHP,2019,4,6,,6,,0,0,0,0,0,0,0,0,3,0,0,0,0,0,1,0,0,0,0,0,0,,-100
657,,Luis Torrens\torrelu01,vs LHP,2019,5,6,,6,,1,0,0,0,0,0,0,0,3,0.167,0.167,0.167,0.333,1,1,0,0,0,0,0,0.333,12,-11
658,,Bradley Zimmer\zimmebr01,vs LHP,2019,3,6,,6,,0,0,0,0,0,0,0,0,4,0,0,0,0,0,0,0,0,0,0,1,0,,-100
659,,Abraham Almonte\almonab01,vs LHP,2019,5,5,,3,2,1,0,0,0,0,0,0,2,0,0.333,0.6,0.333,0.933,1,0,0,0,0,0,0,0.333,103,158
660,,Juan Centeno\centeju01,vs LHP,2019,3,5,,4,0,1,0,0,0,0,1,0,0,0,0.25,0.4,0.25,0.65,1,0,1,0,0,0,0,0.25,232,79
661,,Tony Gonsolin\gonsoto01,vs LHP,2019,3,5,,5,1,1,0,0,0,0,0,0,0,1,0.2,0.2,0.2,0.4,1,0,0,0,0,0,0,0.25,30,6
662,,Elieser Hernandez\hernael01,vs LHP,2019,4,5,,4,,0,0,0,0,0,0,0,0,3,0,0,0,0,0,0,0,1,0,0,0,0,-100,-100
663,,Jason Martin\martija03,vs LHP,2019,4,5,,5,2,2,0,0,0,0,0,0,0,1,0.4,0.4,0.4,0.8,2,0,0,0,0,0,0,0.5,154,113
664,,Logan Morrison\morrilo01,vs LHP,2019,4,5,,5,1,0,0,0,0,0,0,0,0,1,0,0,0,0,0,0,0,0,0,0,1,0,-100,-100
665,,Ivan Nova\novaiv01,vs LHP,2019,3,5,,5,,0,0,0,0,0,0,0,0,4,0,0,0,0,0,0,0,0,0,0,0,0,,-100
666,,Brian O'Grady\ogradbr01,vs LHP,2019,4,5,,5,,2,1,0,0,0,0,0,0,2,0.4,0.4,0.6,1,3,0,0,0,0,0,0,0.667,177,158
667,,Ruben Tejada\tejadru01,vs LHP,2019,2,5,,5,,0,0,0,0,0,0,0,0,2,0,0,0,0,0,0,0,0,0,0,0,0,,-100
668,,Ronald Torreyes\torrero01,vs LHP,2019,3,5,,5,1,0,0,0,0,0,0,0,0,0,0,0,0,0,0,0,0,0,0,0,0,0,-100,-100
669,,Troy Tulowitzki\tulowtr01,vs LHP,2019,5,5,,5,1,2,1,0,1,1,0,0,0,1,0.4,0.4,1.2,1.6,6,0,0,0,0,0,0,0.333,250,294
670,,Jose Urena\urenajo01,vs LHP,2019,4,5,,4,,0,0,0,0,0,0,0,0,3,0,0,0,0,0,0,0,1,0,0,0,0,,-100
671,,Michael Wacha\wachami01,vs LHP,2019,3,5,,5,,1,0,0,0,1,0,0,0,3,0.2,0.2,0.2,0.4,1,0,0,0,0,0,0,0.5,123,6
672,,Luke Weaver\weavelu01,vs LHP,2019,3,5,,4,,0,0,0,0,1,0,0,0,1,0,0,0,0,0,0,0,0,1,0,0,0,-100,-100
673,,Jordan Yamamoto\yamamjo01,vs LHP,2019,4,5,,3,,0,0,0,0,1,0,0,0,1,0,0,0,0,0,0,0,2,0,0,0,0,-100,-100
674,,Dario Agrazal\agrazda01,vs LHP,2019,2,4,,4,,1,0,0,0,0,0,0,0,3,0.25,0.25,0.25,0.5,1,0,0,0,0,0,0,1,462,33
675,,Brett Anderson\anderbr04,vs LHP,2019,2,4,,4,1,2,0,0,0,0,0,0,0,1,0.5,0.5,0.5,1,2,0,0,0,0,0,0,0.667,100,166
676,,Chris Archer\archech01,vs LHP,2019,3,4,,3,,1,0,0,0,0,0,0,1,0,0.333,0.5,0.333,0.833,1,0,0,0,0,0,0,0.333,464,128
677,,Randy Arozarena\arozara01,vs LHP,2019,4,4,,3,1,1,1,0,0,0,0,0,0,1,0.333,0.5,0.667,1.167,2,0,1,0,0,0,1,0.5,161,204
678,,Steven Baron\baronst01,vs LHP,2019,3,4,,4,,1,0,0,0,0,0,0,0,2,0.25,0.25,0.25,0.5,1,0,0,0,0,0,0,0.5,108,33
679,,Chad Bettis\bettich01,vs LHP,2019,3,4,,3,,0,0,0,0,0,0,0,0,1,0,0,0,0,0,0,0,1,0,0,0,0,,-100
680,,Aaron Brooks\brookaa01,vs LHP,2019,2,4,,3,,0,0,0,0,0,0,0,0,1,0,0,0,0,0,0,0,1,0,0,0,0,,-100
681,,Corbin Burnes\burneco01,vs LHP,2019,2,4,,3,,2,0,0,0,0,0,0,0,1,0.667,0.667,0.667,1.333,2,0,0,1,0,0,0,1,366,255
682,,Jhoulys Chacin\chacijh01,vs LHP,2019,3,4,,4,,0,0,0,0,0,0,0,0,3,0,0,0,0,0,0,0,0,0,0,0,0,-100,-100
683,,Tyler Chatwood\chatwty01,vs LHP,2019,3,4,,4,,0,0,0,0,0,0,0,0,2,0,0,0,0,0,0,0,0,0,0,0,0,-100,-100
684,,Christian Colon\colonch01,vs LHP,2019,4,4,,2,1,1,0,0,0,0,0,0,0,0,0.5,0.75,0.5,1.25,1,0,2,0,0,0,0,0.5,120,242
685,,Taylor Davis\davista01,vs LHP,2019,2,4,,4,,0,0,0,0,0,0,0,0,0,0,0,0,0,0,0,0,0,0,0,0,0,-100,-100
686,,Danny Duffy\duffyda01,vs LHP,2019,2,4,,4,,1,0,0,0,0,0,0,0,2,0.25,0.25,0.25,0.5,1,0,0,0,0,0,0,0.5,100,33
687,,Robert Dugger\duggero01,vs LHP,2019,2,4,,4,,0,0,0,0,0,0,0,0,3,0,0,0,0,0,0,0,0,0,0,0,0,,-100
688,,Ryan Flaherty\flahery01,vs LHP,2019,2,4,,4,,0,0,0,0,0,0,0,0,1,0,0,0,0,0,0,0,0,0,0,0,0,-100,-100
689,,Wilmer Font\fontwi01,vs LHP,2019,3,4,,3,,1,0,0,0,0,0,0,0,2,0.333,0.333,0.333,0.667,1,0,0,1,0,0,0,1,100,77
690,,Domingo German\germado01,vs LHP,2019,2,4,,4,,0,0,0,0,0,0,0,0,3,0,0,0,0,0,1,0,0,0,0,0,0,,-100
691,,Cole Irvin\irvinco01,vs LHP,2019,3,4,,4,,1,0,0,0,0,0,0,0,1,0.25,0.25,0.25,0.5,1,0,0,0,0,0,0,0.333,116,33
692,,Drew Jackson\jacksdr01,vs LHP,2019,3,4,,3,,0,0,0,0,0,0,0,1,1,0,0.25,0,0.25,0,0,0,0,0,0,0,0,,-24
693,,Mike Leake\leakemi01,vs LHP,2019,3,4,,3,,0,0,0,0,0,0,0,0,2,0,0,0,0,0,0,0,1,0,0,0,0,-100,-100
694,,Freddy Peralta\peralfr01,vs LHP,2019,2,4,,3,,0,0,0,0,0,0,0,0,1,0,0,0,0,0,0,0,1,0,0,0,0,-100,-100
695,,AJ Reed\reedaj01,vs LHP,2019,2,4,,4,,1,0,0,0,0,0,0,0,2,0.25,0.25,0.25,0.5,1,1,0,0,0,0,0,0.5,145,33
696,,Marcus Stroman\stromma01,vs LHP,2019,3,4,,4,,0,0,0,0,0,0,0,0,2,0,0,0,0,0,0,0,0,0,0,0,0,-100,-100
697,,Julio Urias\uriasju01,vs LHP,2019,4,4,,3,,0,0,0,0,0,0,0,0,1,0,0,0,0,0,0,0,1,0,0,0,0,-100,-100
698,,Vince Velasquez\velasvi01,vs LHP,2019,2,4,,3,,1,0,0,0,0,0,0,0,0,0.333,0.333,0.333,0.667,1,0,0,1,0,0,0,0.333,119,77
699,,Alex Young\youngal01,vs LHP,2019,3,4,,4,,0,0,0,0,0,0,0,0,1,0,0,0,0,0,0,0,0,0,0,0,0,-100,-100
700,,Trevor Bauer\bauertr01,vs LHP,2019,2,3,,3,,0,0,0,0,0,0,0,0,2,0,0,0,0,0,0,0,0,0,0,0,0,-100,-100
701,,Kaleb Cowart\cowarka01,vs LHP,2019,2,3,,3,,1,0,0,0,0,0,0,0,0,0.333,0.333,0.333,0.667,1,0,0,0,0,0,0,0.333,192,77
702,,Erick Fedde\feddeer01,vs LHP,2019,2,3,,2,,0,0,0,0,0,0,0,0,0,0,0,0,0,0,0,0,1,0,0,0,0,-100,-100
703,,Rocky Gale\galero01,vs LHP,2019,1,3,,3,,1,0,0,0,0,0,0,0,2,0.333,0.333,0.333,0.667,1,0,0,0,0,0,0,1,401,77
704,,Deivy Grullon\grullde01,vs LHP,2019,1,3,,3,,1,1,0,0,1,0,0,0,0,0.333,0.333,0.667,1,2,0,0,0,0,0,0,0.333,501,153
705,,Mitch Keller\kellemi03,vs LHP,2019,3,3,,3,,0,0,0,0,0,0,0,0,1,0,0,0,0,0,0,0,0,0,0,0,0,,-100
706,,Nick Kingham\kinghni01,vs LHP,2019,2,3,,2,,0,0,0,0,0,0,0,1,2,0,0.333,0,0.333,0,0,0,0,0,0,0,,,2
707,,Ryan Lavarnway\lavarry01,vs LHP,2019,3,3,,3,,0,0,0,0,0,0,0,0,3,0,0,0,0,0,0,0,0,0,0,0,,-100,-100
708,,Domingo Leyba\leybado01,vs LHP,2019,3,3,,3,,1,0,0,0,0,0,0,0,1,0.333,0.333,0.333,0.667,1,0,0,0,0,0,0,0.5,66,77
709,,Mikie Mahtook\mahtomi01,vs LHP,2019,2,3,,3,,0,0,0,0,0,0,0,0,1,0,0,0,0,0,0,0,0,0,0,0,0,,-100
710,,Alex McRae\mcraeal01,vs LHP,2019,3,3,,3,,1,0,0,0,0,0,0,0,1,0.333,0.333,0.333,0.667,1,0,0,0,0,0,0,0.5,100,77
711,,Ian Miller\milleia01,vs LHP,2019,3,3,,3,,0,0,0,0,0,0,0,0,1,0,0,0,0,0,0,0,0,0,0,0,0,-100,-100
712,,Sean Newcomb\newcose01,vs LHP,2019,2,3,,3,,0,0,0,0,0,0,0,0,3,0,0,0,0,0,0,0,0,0,0,0,,,-100
713,,Dustin Pedroia\pedrodu01,vs LHP,2019,2,3,,3,,0,0,0,0,0,0,0,0,0,0,0,0,0,0,0,0,0,0,0,0,0,-100,-100
714,,Daniel Ponce de Leon\ponceda01,vs LHP,2019,2,3,,1,,0,0,0,0,0,0,0,1,1,0,0.5,0,0.5,0,0,0,1,0,0,0,,,52
715,,Raudy Read\readra01,vs LHP,2019,3,3,,3,,0,0,0,0,0,0,0,0,1,0,0,0,0,0,1,0,0,0,0,0,0,-100,-100
716,,Drew Smyly\smylydr01,vs LHP,2019,2,3,,3,,0,0,0,0,0,0,0,0,1,0,0,0,0,0,0,0,0,0,0,0,0,,-100
717,,Beau Taylor\taylobe11,vs LHP,2019,3,3,,2,1,0,0,0,0,0,0,0,0,0,0,0.333,0,0.333,0,0,1,0,0,0,0,0,11,2
718,,Kean Wong\wongke01,vs LHP,2019,2,3,,3,1,1,0,0,0,0,0,0,0,0,0.333,0.333,0.333,0.667,1,0,0,0,0,0,0,0.333,299,77
719,,Kolby Allard\allarko01,vs LHP,2019,1,2,,2,,0,0,0,0,0,0,0,0,0,0,0,0,0,0,0,0,0,0,0,0,0,,-100
720,,Adbert Alzolay\alzolad01,vs LHP,2019,1,2,,2,,0,0,0,0,0,0,0,0,2,0,0,0,0,0,0,0,0,0,0,0,,,-100
721,,Tyler Anderson\anderty01,vs LHP,2019,1,2,,2,,0,0,0,0,0,0,0,0,1,0,0,0,0,0,1,0,0,0,0,0,0,-100,-100
722,,Matt Andriese\andrima01,vs LHP,2019,2,2,,2,,0,0,0,0,0,0,0,0,2,0,0,0,0,0,0,0,0,0,0,0,,,-100
723,,Homer Bailey\baileho02,vs LHP,2019,2,2,,2,,0,0,0,0,0,0,0,0,1,0,0,0,0,0,0,0,0,0,0,0,0,-100,-100
724,,Shane Bieber\biebesh01,vs LHP,2019,1,2,,2,,0,0,0,0,0,0,0,0,2,0,0,0,0,0,0,0,0,0,0,0,,,-100
725,,Skye Bolt\boltsk01,vs LHP,2019,2,2,,2,1,0,0,0,0,0,0,0,0,1,0,0,0,0,0,0,0,0,0,0,0,0,-100,-100
726,,Brad Brach\brachbr01,vs LHP,2019,2,2,,1,,0,0,0,0,0,0,0,0,1,0,0,0,0,0,0,0,1,0,0,0,,-100,-100
727,,Socrates Brito\britoso01,vs LHP,2019,2,2,,2,1,0,0,0,0,0,0,0,0,0,0,0,0,0,0,0,0,0,0,0,0,0,-100,-100
728,,Trevor Cahill\cahiltr01,vs LHP,2019,1,2,,2,,1,0,0,0,0,0,0,0,0,0.5,0.5,0.5,1,1,0,0,0,0,0,0,0.5,200,166
729,,Ryan Carpenter\carpery01,vs LHP,2019,1,2,,2,,0,0,0,0,0,0,0,0,1,0,0,0,0,0,0,0,0,0,0,0,0,,-100
730,,Andrew Cashner\cashnan01,vs LHP,2019,1,2,,2,1,0,0,0,0,0,0,0,0,0,0,0,0,0,0,0,0,0,0,0,0,0,,-100
731,,Yonny Chirinos\chiriyo01,vs LHP,2019,1,2,,2,,0,0,0,0,0,0,0,0,2,0,0,0,0,0,0,0,0,0,0,0,,,-100
732,,Noel Cuevas\cuevano01,vs LHP,2019,1,2,,2,,0,0,0,0,0,0,0,0,0,0,0,0,0,0,0,0,0,0,0,1,0,,-100
733,,Robbie Erlin\erlinro01,vs LHP,2019,2,2,,2,,0,0,0,0,0,0,0,0,0,0,0,0,0,0,0,0,0,0,0,0,0,,-100
734,,Kyle Gibson\gibsoky01,vs LHP,2019,1,2,,0,,0,0,0,0,0,0,0,1,0,,1,,,0,0,0,1,0,0,0,,,
735,,Lucas Giolito\giolilu01,vs LHP,2019,1,2,,2,,0,0,0,0,0,0,0,0,2,0,0,0,0,0,0,0,0,0,0,0,,-100,-100
736,,Juan Graterol\grateju01,vs LHP,2019,2,2,,2,,1,0,0,0,0,0,0,0,0,0.5,0.5,0.5,1,1,0,0,0,0,0,0,0.5,351,166
737,,J.A. Happ\happja01,vs LHP,2019,1,2,,1,1,0,0,0,0,0,0,0,0,0,0,0,0,0,0,0,0,1,0,0,0,0,,-100
738,,Tyler Heineman\heinety01,vs LHP,2019,1,2,,2,,0,0,0,0,0,0,0,0,0,0,0,0,0,0,0,0,0,0,0,0,0,-100,-100
739,,Jeremy Hellickson\hellije01,vs LHP,2019,2,2,,1,,0,0,0,0,0,0,0,0,1,0,0,0,0,0,0,0,1,0,0,0,,-100,-100
740,,Travis Jankowski\jankotr01,vs LHP,2019,1,2,,2,,0,0,0,0,0,0,0,0,0,0,0,0,0,0,0,0,0,0,0,0,0,-100,-100
741,,Corban Joseph\josepco01,vs LHP,2019,2,2,,2,,1,0,0,0,0,0,0,0,1,0.5,0.5,0.5,1,1,0,0,0,0,0,0,1,362,166
742,,Jakob Junis\junisja01,vs LHP,2019,1,2,,2,,0,0,0,0,0,0,0,0,0,0,0,0,0,0,0,0,0,0,0,0,0,,-100
743,,Reynaldo Lopez\lopezre01,vs LHP,2019,1,2,,2,,0,0,0,0,0,0,0,0,2,0,0,0,0,0,0,0,0,0,0,0,,,-100
744,,Lance Lynn\lynnla01,vs LHP,2019,1,2,,2,,0,0,0,0,0,0,0,0,2,0,0,0,0,0,0,0,0,0,0,0,,,-100
745,,Parker Markel\markepa01,vs LHP,2019,2,2,,2,,0,0,0,0,0,0,0,0,0,0,0,0,0,0,0,0,0,0,0,0,0,,-100
746,,Brendan McKay\mckaybr01,vs LHP,2019,1,2,,1,,0,0,0,0,0,0,0,1,1,0,0.5,0,0.5,0,0,0,0,0,0,0,,83,52
747,,Conner Menez\menezco01,vs LHP,2019,1,2,,2,,0,0,0,0,0,0,0,0,0,0,0,0,0,0,0,0,0,0,0,0,0,,-100
748,,Mike Montgomery\montgmi01,vs LHP,2019,2,2,,2,,1,0,0,0,0,0,0,0,1,0.5,0.5,0.5,1,1,0,0,0,0,0,0,1,499,166
749,,Charlie Morton\mortoch02,vs LHP,2019,1,2,,2,,0,0,0,0,0,0,0,0,2,0,0,0,0,0,0,0,0,0,0,0,,,-100
750,,Jimmy Nelson\nelsoji02,vs LHP,2019,1,2,,2,,0,0,0,0,0,0,0,0,2,0,0,0,0,0,0,0,0,0,0,0,,,-100
751,,Dom Nunez\nunezdo01,vs LHP,2019,2,2,,2,,0,0,0,0,0,0,0,0,1,0,0,0,0,0,0,0,0,0,0,0,0,-100,-100
752,,Garrett Richards\richaga01,vs LHP,2019,1,2,,1,,0,0,0,0,0,0,0,0,0,0,0,0,0,0,0,0,1,0,0,0,0,,-100
753,,Eduardo Rodriguez\rodried05,vs LHP,2019,1,2,,2,,0,0,0,0,0,0,0,0,0,0,0,0,0,0,0,0,0,0,0,1,0,,-100
754,,Casey Sadler\sadleca02,vs LHP,2019,2,2,,2,,0,0,0,0,0,0,0,0,0,0,0,0,0,0,0,0,0,0,0,0,0,,-100
755,,Chris Shaw\shawch01,vs LHP,2019,2,2,,2,,1,0,0,0,0,0,0,0,0,0.5,0.5,0.5,1,1,0,0,0,0,0,0,0.5,1126,166
756,,James Sherfy\sherfji01,vs LHP,2019,2,2,,2,,0,0,0,0,0,0,0,0,2,0,0,0,0,0,0,0,0,0,0,0,,,-100
757,,Magneuris Sierra\sierrma01,vs LHP,2019,2,2,,2,0,2,0,0,0,0,0,1,0,0,1,1,1,2,2,0,0,0,0,0,0,1,398,432
758,,Lucas Sims\simslu01,vs LHP,2019,2,2,,2,,1,0,0,0,0,0,0,0,1,0.5,0.5,0.5,1,1,0,0,0,0,0,0,1,700,166
759,,Ranger Suarez\suarera01,vs LHP,2019,2,2,,2,,0,0,0,0,0,0,0,0,1,0,0,0,0,0,0,0,0,0,0,0,0,-100,-100
760,,Erik Swanson\swanser01,vs LHP,2019,1,2,,2,,0,0,0,0,0,0,0,0,1,0,0,0,0,0,0,0,0,0,0,0,0,,-100
761,,Jameson Taillon\taillja01,vs LHP,2019,1,2,,0,,0,0,0,0,0,0,0,0,0,,,,,0,0,0,2,0,0,0,,,
762,,Donovan Walton\waltodo01,vs LHP,2019,2,2,,1,,0,0,0,0,0,0,0,1,0,0,0.5,0,0.5,0,0,0,0,0,0,0,0,58,52
763,,Cody Allen\allenco01,vs LHP,2019,1,1,,1,,0,0,0,0,0,0,0,0,1,0,0,0,0,0,0,0,0,0,0,0,,,-100
764,,Yency Almonte\almonye01,vs LHP,2019,1,1,,1,,0,0,0,0,0,0,0,0,0,0,0,0,0,0,0,0,0,0,0,0,0,,-100
765,,Drew Anderson\anderdr02,vs LHP,2019,1,1,,1,,0,0,0,0,0,0,0,0,1,0,0,0,0,0,0,0,0,0,0,0,,,-100
766,,Jalen Beeks\beeksja02,vs LHP,2019,1,1,,1,,0,0,0,0,0,0,0,0,1,0,0,0,0,0,0,0,0,0,0,0,,,-100
767,,Jose Berrios\berrijo01,vs LHP,2019,1,1,,1,,0,0,0,0,0,0,0,0,1,0,0,0,0,0,0,0,0,0,0,0,,,-100
768,,Ronald Bolanos\bolanro01,vs LHP,2019,1,1,,1,1,0,0,0,0,1,0,0,0,0,0,0,0,0,0,0,0,0,0,0,0,0,,-100
769,,Rob Brantly\brantro01,vs LHP,2019,1,1,,1,,0,0,0,0,0,0,0,0,1,0,0,0,0,0,0,0,0,0,0,0,,,-100
770,,Dylan Bundy\bundydy01,vs LHP,2019,1,1,,1,,0,0,0,0,0,0,0,0,1,0,0,0,0,0,0,0,0,0,0,0,,,-100
771,,Genesis Cabrera\cabrege01,vs LHP,2019,1,1,,1,,0,0,0,0,0,0,0,0,1,0,0,0,0,0,0,0,0,0,0,0,,,-100
772,,Shane Carle\carlesh01,vs LHP,2019,1,1,,1,,0,0,0,0,0,0,0,0,1,0,0,0,0,0,0,0,0,0,0,0,,,-100
773,,Wilkin Castillo\castiwi01,vs LHP,2019,1,1,,1,,0,0,0,0,0,0,0,0,0,0,0,0,0,0,0,0,0,0,0,0,0,-100,-100
774,,Luis Cessa\cessalu01,vs LHP,2019,1,1,,1,,0,0,0,0,0,0,0,0,1,0,0,0,0,0,0,0,0,0,0,0,,,-100
775,,JT Chargois\chargjt01,vs LHP,2019,1,1,,1,,0,0,0,0,0,0,0,0,1,0,0,0,0,0,0,0,0,0,0,0,,,-100
776,,Wei-Yin Chen\chenwe02,vs LHP,2019,1,1,,1,,0,0,0,0,0,0,0,0,1,0,0,0,0,0,0,0,0,0,0,0,,,-100
777,,Steve Cishek\cishest01,vs LHP,2019,1,1,,1,,0,0,0,0,0,0,0,0,0,0,0,0,0,0,0,0,0,0,0,0,0,,-100
778,,Adam Conley\conlead01,vs LHP,2019,1,1,,1,,0,0,0,0,0,0,0,0,0,0,0,0,0,0,0,0,0,0,0,0,0,,-100
779,,Jimmy Cordero\cordeji01,vs LHP,2019,1,1,,0,,0,0,0,0,0,0,0,0,0,,,,,0,0,0,1,0,0,0,,,
780,,Johnny Cueto\cuetojo01,vs LHP,2019,1,1,,1,,0,0,0,0,0,0,0,0,0,0,0,0,0,0,0,0,0,0,0,0,0,,-100
781,,Seranthony Dominguez\dominse01,vs LHP,2019,1,1,,1,,0,0,0,0,0,0,0,0,1,0,0,0,0,0,0,0,0,0,0,0,,,-100
782,,Sean Doolittle\doolise01,vs LHP,2019,1,1,,1,,0,0,0,0,0,0,0,0,1,0,0,0,0,0,0,0,0,0,0,0,,,-100
783,,Oliver Drake\drakeol01,vs LHP,2019,1,1,,1,,1,0,0,0,1,0,0,0,0,1,1,1,2,1,0,0,0,0,0,0,1,100,432
784,,Jon Duplantier\duplajo01,vs LHP,2019,1,1,,1,1,0,0,0,0,0,0,0,0,0,0,0,0,0,0,0,0,0,0,0,0,0,-100,-100
785,,Montana DuRapau\durapmo01,vs LHP,2019,1,1,,1,,0,0,0,0,0,0,0,0,0,0,0,0,0,0,0,0,0,0,0,0,0,-100,-100
786,,Jerad Eickhoff\eickhje01,vs LHP,2019,1,1,,1,,0,0,0,0,0,0,0,0,1,0,0,0,0,0,0,0,0,0,0,0,,,-100
787,,Dylan Floro\florody01,vs LHP,2019,1,1,,1,,0,0,0,0,0,0,0,0,1,0,0,0,0,0,0,0,0,0,0,0,,,-100
788,,Drew Gagnon\gagnodr01,vs LHP,2019,1,1,,1,,1,0,0,0,0,0,0,0,0,1,1,1,2,1,0,0,0,0,0,0,1,501,432
789,,John Gant\gantjo01,vs LHP,2019,1,1,,1,,0,0,0,0,0,0,0,0,0,0,0,0,0,0,0,0,0,0,0,0,0,,-100
790,,Jarlin Garcia\garcija04,vs LHP,2019,1,1,,1,,0,0,0,0,0,0,0,0,1,0,0,0,0,0,0,0,0,0,0,0,,,-100
791,,Matt Grace\gracema02,vs LHP,2019,1,1,,1,,0,0,0,0,0,0,0,0,1,0,0,0,0,0,0,0,0,0,0,0,,,-100
792,,Ryan Helsley\helslry01,vs LHP,2019,1,1,,1,,0,0,0,0,0,0,0,0,1,0,0,0,0,0,0,0,0,0,0,0,,-100,-100
793,,Felix Hernandez\hernafe02,vs LHP,2019,1,1,,1,,0,0,0,0,0,0,0,0,1,0,0,0,0,0,0,0,0,0,0,0,,,-100
794,,Raisel Iglesias\iglesra01,vs LHP,2019,1,1,,1,,0,0,0,0,0,0,0,0,0,0,0,0,0,0,0,0,0,0,0,0,0,,-100
795,,Kenley Jansen\janseke01,vs LHP,2019,1,1,,1,,0,0,0,0,0,0,0,0,1,0,0,0,0,0,0,0,0,0,0,0,,,-100
796,,Brian Johnson\johnsbr02,vs LHP,2019,1,1,,1,,0,0,0,0,0,0,0,0,1,0,0,0,0,0,0,0,0,0,0,0,,,-100
797,,Brad Keller\kellebr01,vs LHP,2019,1,1,,1,,0,0,0,0,0,0,0,0,1,0,0,0,0,0,0,0,0,0,0,0,,-100,-100
798,,Corey Kluber\klubeco01,vs LHP,2019,1,1,,1,,0,0,0,0,0,0,0,0,1,0,0,0,0,0,0,0,0,0,0,0,,,-100
799,,Matt Koch\kochma01,vs LHP,2019,1,1,,1,,0,0,0,0,0,0,0,0,1,0,0,0,0,0,0,0,0,0,0,0,,,-100
800,,Francisco Liriano\liriafr01,vs LHP,2019,1,1,,1,,1,0,0,0,0,0,0,0,0,1,1,1,2,1,0,0,0,0,0,0,1,100,432
801,,Jed Lowrie\lowrije01,vs LHP,2019,1,1,,1,,0,0,0,0,0,0,0,0,1,0,0,0,0,0,0,0,0,0,0,0,,,-100
802,,Nick Margevicius\margeni01,vs LHP,2019,1,1,,1,,0,0,0,0,0,0,0,0,1,0,0,0,0,0,0,0,0,0,0,0,,-100,-100
803,,Deven Marrero\marrede01,vs LHP,2019,1,1,,1,,0,0,0,0,0,0,0,0,1,0,0,0,0,0,0,0,0,0,0,0,,,-100
804,,Phil Maton\matonph01,vs LHP,2019,1,1,,1,,0,0,0,0,0,0,0,0,1,0,0,0,0,0,0,0,0,0,0,0,,-100,-100
805,,Chris Mazza\mazzach01,vs LHP,2019,1,1,,1,,0,0,0,0,0,0,0,0,1,0,0,0,0,0,0,0,0,0,0,0,,,-100
806,,T.J. McFarland\mcfartj01,vs LHP,2019,1,1,,0,,0,0,0,0,0,0,0,0,0,,,,,0,0,0,1,0,0,0,,,
807,,Jake Noll\nollja01,vs LHP,2019,1,1,,1,,0,0,0,0,0,0,0,0,0,0,0,0,0,0,0,0,0,0,0,0,0,-100,-100
808,,Jacob Nottingham\nottija01,vs LHP,2019,1,1,,1,,0,0,0,0,0,0,0,0,0,0,0,0,0,0,0,0,0,0,0,0,0,-100,-100
809,,Josh Osich\osichjo01,vs LHP,2019,1,1,,0,,0,0,0,0,0,0,0,0,0,,,,,0,0,0,1,0,0,0,,,
810,,Corey Oswalt\oswalco01,vs LHP,2019,1,1,,0,,0,0,0,0,1,0,0,0,0,,0,,,0,0,0,0,1,0,0,0,,
811,,Jarrett Parker\parkeja03,vs LHP,2019,1,1,,0,1,0,0,0,0,0,0,0,1,0,,1,,,0,0,0,0,0,0,0,,,
812,,Luis Perdomo\perdolu02,vs LHP,2019,1,1,,1,,0,0,0,0,0,0,0,0,1,0,0,0,0,0,0,0,0,0,0,0,,-100,-100
813,,Yusmeiro Petit\petityu01,vs LHP,2019,1,1,,1,,0,0,0,0,0,0,0,0,0,0,0,0,0,0,1,0,0,0,0,0,0,,-100
814,,Rick Porcello\porceri01,vs LHP,2019,1,1,,1,,0,0,0,0,0,0,0,0,1,0,0,0,0,0,0,0,0,0,0,0,,,-100
815,,Austin Pruitt\pruitau01,vs LHP,2019,1,1,,1,,0,0,0,0,0,0,0,0,1,0,0,0,0,0,0,0,0,0,0,0,,,-100
816,,Jose Quijada\quijajo01,vs LHP,2019,1,1,,1,,0,0,0,0,0,0,0,0,1,0,0,0,0,0,0,0,0,0,0,0,,,-100
817,,Cody Reed\reedco01,vs LHP,2019,1,1,,1,,0,0,0,0,0,0,0,0,1,0,0,0,0,0,0,0,0,0,0,0,,,-100
818,,Sean Reid-Foley\reidfse01,vs LHP,2019,1,1,,1,,0,0,0,0,0,0,0,0,1,0,0,0,0,0,0,0,0,0,0,0,,,-100
819,,Randy Rosario\rosarra01,vs LHP,2019,1,1,,1,,0,0,0,0,0,0,0,0,0,0,0,0,0,0,0,0,0,0,0,0,0,,-100
820,,Adrian Sampson\sampsad01,vs LHP,2019,1,1,,1,,0,0,0,0,0,0,0,0,1,0,0,0,0,0,0,0,0,0,0,0,,,-100
821,,Tyler Skaggs\skaggty01,vs LHP,2019,1,1,,1,,0,0,0,0,0,0,0,0,1,0,0,0,0,0,0,0,0,0,0,0,,,-100
822,,Chad Sobotka\sobotch01,vs LHP,2019,1,1,,1,,0,0,0,0,0,0,0,0,1,0,0,0,0,0,0,0,0,0,0,0,,,-100
823,,Edmundo Sosa\sosaed01,vs LHP,2019,1,1,,1,,0,0,0,0,0,0,0,0,0,0,0,0,0,0,0,0,0,0,0,0,0,-100,-100
824,,Craig Stammen\stammcr01,vs LHP,2019,1,1,,1,,0,0,0,0,0,0,0,0,1,0,0,0,0,0,0,0,0,0,0,0,,,-100
825,,Andrew Stevenson\stevean01,vs LHP,2019,1,1,,1,,1,0,0,0,0,0,0,0,0,1,1,1,2,1,0,0,0,0,0,0,1,320,432
826,,Chris Stratton\stratch01,vs LHP,2019,1,1,,1,,0,0,0,0,0,0,0,0,1,0,0,0,0,0,0,0,0,0,0,0,,,-100
827,,Wander Suero\suerowa01,vs LHP,2019,1,1,,1,,0,0,0,0,0,0,0,0,1,0,0,0,0,0,0,0,0,0,0,0,,,-100
828,,Tyrone Taylor\tayloty01,vs LHP,2019,1,1,,1,,0,0,0,0,0,0,0,0,1,0,0,0,0,0,0,0,0,0,0,0,,-100,-100
829,,Jesus Tinoco\tinocje01,vs LHP,2019,1,1,,1,,0,0,0,0,0,0,0,0,1,0,0,0,0,0,0,0,0,0,0,0,,-100,-100
830,,Josh Tomlin\tomlijo01,vs LHP,2019,1,1,,1,,0,0,0,0,0,0,0,0,0,0,0,0,0,0,0,0,0,0,0,0,0,,-100
831,,Touki Toussaint\toussto01,vs LHP,2019,1,1,,1,,0,0,0,0,0,0,0,0,1,0,0,0,0,0,0,0,0,0,0,0,,,-100
832,,Duane Underwood Jr.\underdu01,vs LHP,2019,1,1,,1,,0,0,0,0,0,0,0,0,1,0,0,0,0,0,0,0,0,0,0,0,,,-100
833,,Nick Vincent\vinceni01,vs LHP,2019,1,1,,1,,0,0,0,0,0,0,0,0,1,0,0,0,0,0,0,0,0,0,0,0,,,-100
834,,Alex Wood\woodal02,vs LHP,2019,1,1,,1,,0,0,0,0,0,0,0,0,0,0,0,0,0,0,0,0,0,0,0,0,0,-100,-100
835,,Seby Zavala\zavalse01,vs LHP,2019,1,1,,1,,0,0,0,0,0,0,0,0,0,0,0,0,0,0,0,0,0,0,0,0,0,-100,-100
836,,Sam Haggerty\haggesa01,vs LHP,2019,,,,,1,,,,,,0,0,,,,,,,,,,,,,,,,
