player_name,ip_tot,ops_rhh,pred_rhh,ops_lhh,pred_lhh
Zack Wheeler,213,0.581,32.316131591796875,0.59,32.704246520996094
Walker Buehler,208,0.575,28.768720626831055,0.596,31.166629791259766
Adam Wainwright,206,0.596,33.84556579589844,0.655,42.539031982421875
Sandy Alcantara,206,0.589,30.627708435058594,0.692,45.45247268676758
Robbie Ray,193,0.684,39.57678985595703,0.593,28.390113830566406
Jose Berrios,192,0.54,24.780691146850586,0.789,57.4122200012207
Kevin Gausman,192,0.615,35.44016647338867,0.604,34.34467697143555
Luis Castillo,188,0.735,59.12324523925781,0.729,52.689979553222656
Frankie Montas,187,0.667,45.49144744873047,0.665,45.381805419921875
Julio Urias,186,0.605,33.76695251464844,0.64,33.724754333496094
Charlie Morton,186,0.611,36.35765075683594,0.568,28.360265731811523
Nathan Eovaldi,182,0.729,55.877201080322266,0.655,45.06843185424805
Kyle Gibson,182,0.593,33.87156295776367,0.738,54.676021575927734
Gerrit Cole,181,0.62,40.862430572509766,0.665,41.916748046875
Kyle Hendricks,181,0.745,57.72330856323242,0.892,73.921234130859375
Aaron Nola,181,0.709,53.51595687866211,0.672,44.70314407348633
Joe Musgrove,181,0.575,29.57944107055664,0.724,47.593482971191406
Jordan Lyles,180,0.849,64.74529266357422,0.812,63.030616760253906
Chris Flexen,180,0.785,67.78414154052734,0.651,44.22920227050781
German Marquez,180,0.645,37.9329948425293,0.744,56.78835678100586
Tyler Mahle,180,0.835,64.2203140258789,0.573,33.18342971801758
Sean Manaea,179,0.758,57.49687957763672,0.59,32.420875549316406
Lucas Giolito,179,0.69,42.30588912963867,0.649,43.266483306884766
Max Scherzer,179,0.541,22.70493507385254,0.597,29.740562438964844
Brandon Woodruff,179,0.604,37.47459030151367,0.542,25.768455505371094
Marcus Stroman,179,0.664,47.55389404296875,0.646,42.92523956298828
Cole Irvin,178,0.74,57.837982177734375,0.767,65.08113098144531
Patrick Corbin,172,0.92,74.016326904296875,0.618,41.53475570678711
Zack Greinke,171,0.828,66.6254653930664,0.565,29.81987953186035
Hyun Jin Ryu,169,0.746,57.82820129394531,0.685,51.56391143798828
Anthony DeSclafani,168,0.577,30.7630672454834,0.695,47.109901428222656
Tyler Anderson,167,0.774,59.90066909790039,0.691,53.879913330078125
Corbin Burnes,167,0.477,19.719144821166992,0.561,31.43045997619629
Max Fried,166,0.611,37.8015251159668,0.707,47.68960952758789
Yu Darvish,166,0.698,45.21898651123047,0.719,47.00489807128906
Dylan Cease,166,0.662,42.01173782348633,0.678,46.75926971435547
Wade Miley,163,0.766,63.79813003540039,0.58,35.586524963378906
Dallas Keuchel,162,0.827,67.25651550292969,0.827,71.89104461669922
Lance McCullers,162,0.57,30.980436325073242,0.69,46.60476303100586
Mike Minor,159,0.758,54.167728424072266,0.709,53.162845611572266
Rich Hill,159,0.767,54.22657775878906,0.563,31.66682243347168
Taijuan Walker,159,0.735,55.09679412841797,0.64,36.89601516723633
Eduardo Rodriguez,158,0.774,63.78182601928711,0.734,55.71931076049805
Merrill Kelly,158,0.835,72.066192626953125,0.654,45.884368896484375
Jordan Montgomery,157,0.713,53.9500732421875,0.597,36.8651008605957
Yusei Kikuchi,157,0.83,58.85835266113281,0.478,22.97234344482422
Antonio Senzatela,157,0.721,59.023460388183594,0.779,65.697662353515625
Lance Lynn,157,0.533,27.189607620239258,0.677,45.09888458251953
Chris Bassitt,157,0.639,43.022274017333984,0.612,31.97990608215332
Ryan Yarbrough,155,0.798,62.198524475097656,0.623,41.5003547668457
Nick Pivetta,155,0.729,53.14812469482422,0.735,51.85517883300781
Luis Garcia,155,0.548,24.79381561279297,0.814,63.52207565307617
Luis Garcia,155,0.548,24.79381561279297,0.814,62.5233268737793
JA Happ,152,0.901,78.92491912841797,0.669,51.8228874206543
Steven Matz,151,0.727,56.961944580078125,0.72,56.92789840698242
Casey Mize,150,0.6,29.868831634521484,0.845,61.726837158203125
Cal Quantrill,150,0.699,48.880977630615234,0.652,41.88138198852539
Tarik Skubal,149,0.808,53.66752243041992,0.675,54.24934768676758
Jon Gray,149,0.754,56.90121841430664,0.73,51.44446563720703
Zach Davies,148,0.872,74.53597259521484,0.825,62.78269577026367
Logan Webb,148,0.568,30.000749588012695,0.678,51.06119155883789
John Means,147,0.707,43.7029914855957,0.628,38.016136169433594
Madison Bumgarner,146,0.763,54.46641540527344,0.663,40.08884048461914
Jameson Taillon,144,0.712,51.976741790771484,0.733,49.9910888671875
Freddy Peralta,144,0.584,29.475664138793945,0.542,25.930261611938477
Marco Gonzales,143,0.816,57.03718185424805,0.604,33.37877655029297
Zach Plesac,143,0.778,61.926876068115234,0.685,48.299556732177734
Adrian Houser,142,0.584,23.92555046081543,0.762,58.1999397277832
Jon Lester,141,0.873,67.501129150390625,0.66,47.22849655151367
Alex Wood,139,0.682,43.270118713378906,0.674,51.72673797607422
Mike Foltynewicz,139,0.786,58.070552825927734,0.908,70.69671630859375
Garrett Richards,137,0.888,75.81331634521484,0.735,56.985347747802734
Framber Valdez,135,0.626,38.11390686035156,0.717,48.44533920288086
Sonny Gray,135,0.696,50.27104949951172,0.677,43.332515716552734
Brad Keller,134,0.831,68.54654693603516,0.831,71.75801086425781
Carlos Rodon,133,0.552,22.9891357421875,0.593,36.57179260253906
Trevor Rogers,133,0.592,32.24921417236328,0.662,51.2314338684082
Erick Fedde,133,0.766,57.8498649597168,0.838,69.1997299194336
Kris Bubic,130,0.766,54.65774917602539,0.849,60.327022552490234
Andrew Heaney,130,0.816,61.34309768676758,0.77,60.70537185668945
Shohei Ohtani,130,0.536,24.350534439086914,0.733,48.37921142578125
Blake Snell,129,0.762,52.12261199951172,0.458,21.819438934326172
Matt Harvey,128,0.879,81.29802703857422,0.769,60.643001556396484
Ian Anderson,128,0.695,51.11006546020508,0.644,38.29998779296875
Brady Singer,128,0.732,63.67447280883789,0.809,63.343505859375
Drew Smyly,127,0.789,60.09968948364258,0.848,68.775360107421875
Adbert Alzolay,126,0.556,28.83369255065918,0.924,69.92382049560547
Kolby Allard,125,0.772,56.86532211303711,0.8,56.58819580078125
Michael Wacha,125,0.826,70.84644317626953,0.716,49.63357925415039
JT Brubaker,124,0.772,52.26689529418945,0.829,64.32061004638672
Aaron Civale,124,0.802,64.8782958984375,0.659,42.55788803100586
Shane McClanahan,123,0.694,48.63774108886719,0.71,60.12928009033203
Clayton Kershaw,122,0.713,48.74459457397461,0.44,19.67908477783203
Jorge Lopez,122,0.807,64.72465515136719,0.935,77.40069580078125
Kyle Freeland,121,0.823,63.9310188293457,0.788,69.7740249633789
Zac Gallen,121,0.751,48.652122497558594,0.699,53.05411148071289
Triston McKenzie,120,0.672,39.92854690551758,0.681,42.68588638305664
Eric Lauer,119,0.641,40.9107666015625,0.635,41.50730895996094
Alec Mills,119,0.664,50.279327392578125,0.954,83.21012878417969
Logan Gilbert,119,0.76,54.543212890625,0.664,46.99205780029297
James Kaprielian,119,0.602,34.007259368896484,0.861,64.777923583984375
Dane Dunning,118,0.765,61.841888427734375,0.781,64.04841613769531
Wil Crowe,117,0.918,80.02266693115234,0.793,58.24661636352539
Austin Gomber,115,0.744,51.88636779785156,0.658,43.790802001953125
Johnny Cueto,115,0.79,69.74980926513672,0.81,64.54914093017578
Martin Perez,114,0.882,75.9561538696289,0.669,51.708740234375
Caleb Smith,114,0.698,42.54959487915039,0.793,58.52968215942383
Vladimir Gutierrez,114,0.763,60.463104248046875,0.85,64.01350402832031
Alek Manoah,112,0.496,18.604717254638672,0.71,45.541683197021484
John Gant,110,0.701,49.53221130371094,0.746,51.59878921508789
Paolo Espino,110,0.746,48.0126838684082,0.767,62.22161102294922
Michael Pineda,109,0.708,48.79710388183594,0.816,66.9010009765625
Joe Ross,108,0.611,35.898841857910156,0.807,59.9913215637207
Trevor Bauer,108,0.504,23.126646041870117,0.767,48.52463150024414
Chris Paddack,108,0.902,85.28905487060547,0.602,37.94221878051758
Kwang Hyun Kim,107,0.754,59.344459533691406,0.452,24.276187896728516
Jose Urquidy,107,0.727,47.8134880065918,0.574,29.281312942504883
Tyler Alexander,106,0.783,63.32322692871094,0.557,30.014379501342773
Ranger Suarez,106,0.6,29.35818099975586,0.311,9.708418846130371
Zach Eflin,106,0.795,66.691680908203125,0.737,57.24101257324219
Kenta Maeda,106,0.733,56.863319396972656,0.776,59.9582633972168
Jake Odorizzi,105,0.699,46.70570373535156,0.78,59.568687438964844
Josh Fleming,104,0.715,56.32783126831055,0.772,61.37331008911133
Taylor Hearn,104,0.794,62.1834602355957,0.63,35.577980041503906
Pablo Lopez,103,0.689,45.23488235473633,0.666,46.626708984375
Chi Chi Gonzalez,102,0.997,90.12700653076172,0.816,72.2956771850586
Ross Stripling,101,0.829,66.271148681640625,0.734,50.19089889526367
Cristian Javier,101,0.587,28.72628402709961,0.747,49.677921295166016
Mitch Keller,101,0.859,72.34130859375,0.896,84.92707061767578
Jose Urena,101,0.74,57.55622863769531,0.94,83.26295471191406
Jake Arrieta,99,0.954,86.43257904052734,0.948,85.03797912597656
Jose Suarez,98,0.595,32.45121383666992,0.959,79.84465789794922
Domingo German,98,0.784,61.198673248291016,0.628,37.25996017456055
Shane Bieber,97,0.588,33.516841888427734,0.757,54.942588806152344
Brett Anderson,96,0.767,61.21438217163086,0.761,67.085784912109375
Jesus Luzardo,95,0.928,77.19822692871094,0.757,58.63579559326172
Keegan Akin,95,0.844,68.69481658935547,0.857,74.2350845336914
Ryan Weathers,95,0.867,69.2851333618164,0.77,65.5783920288086
Vince Velasquez,94,0.828,55.5523796081543,0.937,79.06421661376953
Wily Peralta,94,0.858,73.20549774169922,0.613,34.800498962402344
Nestor Cortes,93,0.653,39.04603576660156,0.679,45.37248992919922
Alex Cobb,93,0.681,53.374752044677734,0.606,41.0086669921875
Bailey Ober,92,0.738,48.73125076293945,0.839,69.56458282470703
Jacob deGrom,92,0.366,14.633955001831055,0.442,10.124208450317383
Dylan Bundy,91,0.863,67.991668701171875,0.756,53.80415344238281
Huascar Ynoa,91,0.732,48.91179656982422,0.662,41.13957977294922
Trevor Williams,91,0.832,75.79654693603516,0.786,63.16377639770508
Tylor Megill,90,0.577,32.228187561035156,0.995,86.9939956665039
Eli Morgan,89,0.799,60.52121353149414,0.825,63.39909744262695
Craig Stammen,88,0.65,43.45637512207031,0.655,41.56584930419922
Tyler Glasnow,88,0.629,35.59992218017578,0.471,19.11117172241211
Patrick Sandoval,87,0.702,43.63004684448242,0.517,22.725284576416016
Matt Peacock,86,0.758,65.27115631103516,0.954,83.81903839111328
Carlos Hernandez,86,0.71,55.27639389038086,0.58,34.325340270996094
Matt Manning,85,0.816,72.04642486572266,0.757,57.67268753051758
Chad Green,84,0.616,30.263071060180664,0.63,31.963211059570312
Griffin Jax,82,0.867,66.60607147216797,0.848,64.69458770751953
Carlos Martinez,82,0.734,47.41884231567383,0.731,56.2594108581543
Nabil Crismatt,81,0.757,57.33420181274414,0.765,65.5705337524414
Tyler Rogers,81,0.746,59.78947830200195,0.456,21.535158157348633
Justus Sheffield,80,0.958,88.86669921875,0.771,62.412166595458984
Corey Kluber,80,0.813,66.49671936035156,0.538,35.29713821411133
Chad Kuhl,80,0.753,54.476810455322266,0.857,64.597991943359375
Giovanny Gallegos,80,0.561,25.970073699951172,0.54,24.246328353881836
Matthew Boyd,79,0.718,52.35098648071289,0.709,54.681915283203125
Chris Stratton,79,0.62,39.167335510253906,0.746,57.56827163696289
Yusmeiro Petit,78,0.637,40.81782913208008,0.695,45.03224182128906
Jack Flaherty,78,0.697,41.65488815307617,0.591,31.682039260864258
Luis Patino,77,0.594,31.727872848510742,0.83,63.43674850463867
Bryan Shaw,77,0.781,54.65281677246094,0.647,45.065250396728516
Drew Rasmussen,76,0.589,32.81853485107422,0.55,28.361255645751953
Mike Mayers,75,0.74,53.932743072509766,0.757,57.9627571105957
Zach Thompson,75,0.557,26.386512756347656,0.807,60.66945266723633
David Price,74,0.762,61.786766052246094,0.772,62.77228546142578
Lou Trivino,74,0.493,18.11676788330078,0.806,61.49305725097656
Scott Barlow,74,0.588,36.907623291015625,0.675,47.52972412109375
Hector Neris,74,0.58,24.27031135559082,0.788,53.31100845336914
Bryse Wilson,74,0.846,76.7957534790039,0.839,67.84989929199219
Matt Moore,73,0.917,74.47752380371094,0.769,66.52692413330078
Brent Suter,73,0.742,58.27699279785156,0.657,44.657989501953125
Garrett Whitlock,73,0.522,25.24382781982422,0.823,65.6962661743164
Duane Underwood,73,0.681,52.72107696533203,0.898,74.4603271484375
Jeff Hoffman,73,0.692,49.02625274658203,0.905,68.73607635498047
Andrew Kittredge,72,0.567,28.95259666442871,0.649,39.362693786621094
Lucas Luetge,72,0.7,52.91636276245117,0.52,24.314453125
Adam Cimber,72,0.619,44.85712814331055,0.575,32.8704948425293
Blake Treinen,72,0.523,22.555147171020508,0.496,22.37653923034668
Alex Reyes,72,0.613,30.47315216064453,0.606,34.79595947265625
Jonathan Loaisiga,71,0.496,23.56993865966797,0.623,39.098392486572266
Josiah Gray,71,0.85,65.105865478515625,0.808,56.770782470703125
Liam Hendriks,71,0.6,27.65475845336914,0.433,13.195594787597656
Clay Holmes,70,0.47,20.348623275756836,0.808,60.0856819152832
Genesis Cabrera,70,0.55,28.713411331176758,0.757,56.82728576660156
Raisel Iglesias,70,0.586,27.75033187866211,0.641,35.8637809753418
Taylor Widener,70,0.719,47.96556091308594,0.884,68.26200103759766
Emmanuel Clase,70,0.518,25.350454330444336,0.44,18.840364456176758
Michael Fulmer,70,0.809,71.911102294921875,0.553,30.155616760253906
Miguel Castro,70,0.655,36.279666900634766,0.583,34.20915603637695
Tyler Kinley,70,0.746,51.737972259521484,0.693,44.430389404296875
Sam Hentges,69,0.943,88.03709411621094,0.653,53.684085845947266
Andrew Chafin,69,0.551,26.560691833496094,0.473,21.636335372924805
Hansel Robles,69,0.701,47.746116638183594,0.783,53.363643646240234
Jarlin Garcia,69,0.726,44.001949310302734,0.513,24.01727294921875
Michael Kopech,69,0.691,47.255035400390625,0.593,29.874452590942383
Tanner Houck,69,0.58,34.04972457885742,0.639,40.70953369140625
Kenley Jansen,69,0.456,19.641910552978516,0.546,26.525829315185547
Daniel Lynch,68,0.889,76.98808288574219,0.422,21.888233184814453
Will Smith,68,0.69,39.29164505004883,0.702,44.75643539428711
Dillon Tate,68,0.686,49.35400390625,0.769,54.35105514526367
Ryne Stanek,68,0.482,19.635303497314453,0.817,55.0130500793457
Steve Cishek,68,0.667,48.57398986816406,0.665,44.97966003417969
Kyle Funkhouser,68,0.655,40.393924713134766,0.7,50.489524841308594
Jake Woodford,68,0.625,40.284523010253906,0.865,75.335693359375
Drew Steckenrider,68,0.684,45.47848129272461,0.511,25.487062454223633
David Peterson,67,0.809,59.13156509399414,0.767,63.58165740966797
Codi Heuer,67,0.602,37.346458435058594,0.905,75.6212387084961
Riley Smith,67,0.916,87.78479766845703,0.805,65.33692932128906
Phil Maton,67,0.797,65.061614990234375,0.726,52.05280303955078
Josh Staumont,66,0.528,22.894424438476563,0.619,36.27568054199219
Luke Weaver,66,0.707,45.29344177246094,0.839,59.045188903808594
Deolis Guerra,66,0.655,39.910160064697266,0.634,38.569149017333984
Kyle Finnegan,66,0.782,65.02384948730469,0.708,46.50521469116211
Daniel Bard,66,0.579,35.702423095703125,1.007,86.304840087890625
Brad Hand,65,0.753,50.87849807739258,0.667,48.70139694213867
Junior Guerra,65,0.654,49.62234115600586,0.924,77.46441650390625
Alex Colome,65,0.628,44.7894287109375,0.895,76.30284118652344
Ervin Santana,65,0.687,50.97414779663086,0.883,69.57573699951172
Jose Ruiz,65,0.571,33.94096374511719,0.755,47.73961639404297
Paul Sewald,65,0.545,23.397212982177734,0.65,38.68931198120117
Mark Melancon,65,0.768,60.16741180419922,0.41,19.165103912353516
Luis Cessa,65,0.614,49.888282775878906,0.642,34.98258972167969
Jose Alvarez,65,0.589,34.9852409362793,0.51,29.076950073242188
Brad Boxberger,65,0.777,49.080265045166016,0.442,22.492551803588867
Bruce Zimmermann,64,0.821,67.42822265625,0.918,83.473541259765625
Gregory Soto,64,0.696,42.118316650390625,0.495,26.555320739746094
Jake Brentz,64,0.74,39.31414794921875,0.495,28.77814292907715
Caleb Thielbar,64,0.721,50.308589935302734,0.653,42.32659912109375
Collin McHugh,64,0.593,36.64699935913086,0.442,19.588642120361328
Luke Jackson,64,0.632,33.0184326171875,0.576,34.378692626953125
Trevor Richards,64,0.623,30.133989334106445,0.596,29.528867721557617
Dylan Floro,64,0.515,26.814069747924805,0.645,43.41285705566406
Ryan Pressly,64,0.569,29.035083770751953,0.517,23.742033004760742
Richard Rodriguez,64,0.56,25.74868392944336,0.682,41.308509826660156
Jhoulys Chacin,64,0.726,52.83009338378906,0.69,45.223148345947266
Michael King,63,0.602,37.32136535644531,0.815,61.14291763305664
Jose Quintana,63,1.001,84.49684143066406,0.517,34.6383056640625
Tyler Matzek,63,0.524,26.149553298950195,0.662,44.72397994995117
Trevor May,63,0.635,37.36171340942383,0.781,55.64131546020508
Jordan Romano,63,0.673,40.05670928955078,0.434,18.35508918762207
Emilio Pagan,63,0.822,59.81230163574219,0.774,50.436134338378906
Trevor Stephan,63,0.837,61.47251510620117,0.742,53.785484313964844
Griffin Canning,63,0.886,73.83512878417969,0.781,60.40055847167969
Cole Sulser,63,0.646,41.982139587402344,0.544,28.265398025512695
Edwin Diaz,63,0.61,34.103981018066406,0.551,26.946041107177734
Jose Cisnero,62,0.622,36.70983123779297,0.762,58.7512092590332
Tyler Duffey,62,0.531,29.3308162689209,0.785,57.41869354248047
Adam Ottavino,62,0.7,40.6296501159668,0.777,62.51457977294922
Zack Littell,62,0.593,28.174097061157227,0.782,57.98115921020508
Nick Wittgren,62,0.65,36.40359878540039,1.005,86.5838851928711
Sergio Romo,62,0.71,51.037044525146484,0.706,49.817501068115234
Brett Martin,62,0.742,58.39796447753906,0.594,43.04281234741211
Johan Oviedo,62,0.71,47.575626373291016,0.833,64.36966705322266
Carlos Estevez,62,0.817,70.85187530517578,0.791,66.16100311279297
Danny Duffy,61,0.643,45.98838806152344,0.678,44.44491958618164
Ryan Tepera,61,0.559,24.823766708374023,0.429,16.880390167236328
Jake Diekman,61,0.711,45.108062744140625,0.716,51.03896713256836
Anthony Bass,61,0.538,27.245285034179687,1.004,85.14810943603516
Anthony Bender,61,0.576,26.56737518310547,0.727,49.47223663330078
David Bednar,61,0.611,31.999364852905273,0.53,24.924875259399414
Jake McGee,60,0.593,25.374601364135742,0.496,23.1573486328125
Jorge Alcala,60,0.58,31.138885498046875,0.74,47.1048583984375
Matt Shoemaker,60,0.811,67.576629638671875,0.998,92.8351058959961
Craig Kimbrel,60,0.521,22.240434646606445,0.506,20.17167854309082
Tim Hill,60,0.798,58.3533935546875,0.621,36.29405975341797
Josh Hader,59,0.434,17.455463409423828,0.376,14.210997581481934
Hunter Strickland,59,0.667,38.087120056152344,0.677,50.665733337402344
Josh Sborz,59,0.631,41.22230529785156,0.838,64.9791030883789
Josh Sborz,59,0.631,41.22230529785156,0.838,64.9791030883789
Josh Sborz,59,0.631,41.22230529785156,0.838,64.9791030883789
Josh Sborz,59,0.631,41.22230529785156,0.838,64.9791030883789
Jeurys Familia,59,0.698,46.77556610107422,0.855,66.07704162597656
Pierce Johnson,59,0.655,43.20791244506836,0.7,48.99325942993164
Diego Castillo,58,0.522,22.02684211730957,0.816,51.45075988769531
Heath Hembree,58,0.587,27.589069366455078,0.929,71.34220123291016
Yimi Garcia,58,0.587,34.083473205566406,0.843,61.9023323059082
Richard Bleier,58,0.691,47.36160659790039,0.482,23.21733283996582
Reynaldo Lopez,58,0.642,32.21004867553711,0.696,43.90602493286133
Connor Brogdon,58,0.671,45.217594146728516,0.618,36.348506927490234
Justin Steele,57,0.841,50.305423736572266,0.47,27.454715728759766
Jaime Barria,57,0.838,76.2950210571289,0.837,74.69859313964844
Tyler Wells,57,0.675,35.013328552246094,0.468,20.30533218383789
Daniel Norris,57,0.866,74.980621337890625,0.643,41.240325927734375
Tony Watson,57,0.537,24.729965209960938,0.551,27.26432991027832
Aaron Loup,57,0.547,31.356464385986328,0.44,18.054567337036133
Austin Voth,57,0.774,63.83658218383789,0.865,67.4964370727539
Aroldis Chapman,56,0.733,40.65095901489258,0.479,23.178091049194336
Adam Plutko,56,0.955,79.99565887451172,1.042,97.20008850097656
Aaron Bummer,56,0.675,41.5980110168457,0.324,11.888697624206543
JP Feyereisen,56,0.512,27.818347930908203,0.769,51.91910934448242
Jose Alvarado,56,0.847,50.8461799621582,0.469,28.663904190063477
Kendall Graveman,56,0.348,13.443819046020508,0.748,49.089111328125
Greg Holland,56,0.682,47.6136474609375,0.775,50.411808013916016
Ian Kennedy,56,0.647,34.20612335205078,0.768,52.450172424316406
Chasen Shreve,56,0.719,50.69317626953125,0.633,37.10383224487305
Tony Gonsolin,56,0.739,50.66162872314453,0.65,44.526512145996094
Matt Barnes,55,0.67,39.05720901489258,0.576,33.23527908325195
Zach Pop,55,0.703,52.291221618652344,0.726,49.33976364135742
Dennis Santana,55,0.671,47.649391174316406,0.722,50.93840026855469
Anthony Misiewicz,55,0.822,72.58177185058594,0.673,53.20573043823242
Spenser Watkins,55,1.058,110.47972869873047,0.869,75.0273666381836
James Karinchak,55,0.739,47.14198303222656,0.574,31.069042205810547
Tanner Scott,54,0.778,56.276187896728516,0.588,38.51345443725586
Garrett Crochet,54,0.651,45.346343994140625,0.501,28.081880569458008
JT Chargois,54,0.682,43.06941604614258,0.571,31.857744216918945
Dominic Leone,54,0.58,36.586185455322266,0.501,25.65142822265625
Dean Kremer,54,1.009,95.54285430908203,0.867,68.94115447998047
Kyle Zimmer,54,0.875,71.45777893066406,0.546,32.8256721496582
Carlos Carrasco,54,0.947,86.85633850097656,0.693,51.39371109008789
Devin Williams,54,0.494,23.78672218322754,0.672,41.67538833618164
Hirokazu Sawamura,53,0.764,51.9288330078125,0.777,54.60603332519531
Tim Mayza,53,0.646,37.850013732910156,0.446,19.349746704101563
Austin Adams,53,0.564,24.838817596435547,0.678,42.35395812988281
Keegan Thompson,53,0.689,49.02353286743164,0.805,56.53144073486328
Ross Detwiler,52,0.784,53.991634368896484,0.729,52.11656951904297
Daniel Hudson,52,0.647,35.70481872558594,0.708,51.874961853027344
Alex Young,52,0.959,85.44940185546875,0.876,75.228729248046875
AJ Minter,52,0.721,54.904048919677734,0.546,30.45479965209961
Elieser Hernandez,52,0.652,47.95802307128906,1.013,88.06353759765625
JC Mejia,52,0.702,49.7333984375,1.053,95.66022491455078
Phil Bickford,51,0.582,26.215946197509766,0.737,48.87380599975586
Wandy Peralta,51,0.724,54.73712158203125,0.681,50.39384841918945
Randy Dobnak,51,0.855,78.37623596191406,0.957,87.22966766357422
Mychal Givens,51,0.776,58.53115463256836,0.707,48.19208526611328
Archie Bradley,51,0.766,64.84122467041016,0.715,50.95921325683594
Logan Allen,50,0.867,70.7350845336914,0.901,85.7619857788086
Brett de Geus,50,0.74,61.04674530029297,1.103,100.06206512451172
Joel Payamps,50,0.736,56.487098693847656,0.542,26.570159912109375
Derek Holland,50,0.857,78.2419204711914,0.718,56.14393997192383
Touki Toussaint,50,0.766,52.96577453613281,0.793,53.195762634277344
Brandon Bielak,50,0.794,63.05918502807617,0.618,45.53935241699219
Spencer Howard,50,0.889,81.4650650024414,0.721,50.188655853271484
Sean Doolittle,50,0.9,77.12305450439453,0.664,46.31722640991211
Spencer Turnbull,50,0.576,38.08639144897461,0.536,26.836402893066406
Justin Dunn,50,0.557,28.24431610107422,0.74,47.46990203857422
Wade LeBlanc,49,0.809,68.0038070678711,0.874,73.644287109375
Trent Thornton,49,0.942,83.01644134521484,0.737,54.636497497558594
Rafael Montero,49,0.746,71.117645263671875,0.845,67.00618743896484
Matt Wisler,49,0.653,38.84555435180664,0.702,47.725372314453125
Josh Tomlin,49,0.958,97.2869644165039,0.793,71.11148834228516
Brooks Raley,49,0.796,60.286808013916016,0.483,26.12424659729004
Matt Andriese,48,0.836,75.46918487548828,0.894,85.54417419433594
Amir Garrett,48,0.881,71.419036865234375,0.701,51.477745056152344
Yency Almonte,48,0.791,52.37818908691406,0.902,76.7574234008789
Josh Taylor,48,0.884,72.19610595703125,0.381,24.87588119506836
Chase Anderson,48,1.075,103.99502563476562,0.648,47.75146484375
Ryan Helsley,47,0.684,46.46691131591797,0.639,46.2266731262207
Paul Fry,47,0.56,33.04541015625,0.75,51.60298538208008
Lucas Sims,47,0.606,33.88273620605469,0.727,47.88119888305664
Dinelson Lamet,47,0.68,43.89479446411133,0.85,73.93631744384766
Mitch White,47,0.596,32.421043395996094,0.678,46.49999237060547
Joely Rodriguez,46,0.826,78.09123992919922,0.559,36.96649932861328
John King,46,0.735,53.3515625,0.404,19.59212303161621
Cesar Valdez,46,0.98,99.31298065185547,0.766,64.00447082519531
Seth Lugo,46,0.664,49.5568962097168,0.767,54.624019622802734
Robert Stephenson,46,0.71,52.49728775024414,0.738,51.91304016113281
Humberto Castellanos,46,0.76,67.22747802734375,0.85,63.932376861572266
Jeffrey Springs,45,0.652,34.22944259643555,0.844,64.36602783203125
Joe Jimenez,45,0.746,49.2121696472168,0.769,53.54444122314453
Sam Clay,45,0.886,86.73651123046875,0.675,54.21506118774414
Sam Howard,45,0.902,68.40032958984375,0.53,32.1098518371582
Miles Mikolas,45,0.677,42.14893341064453,0.736,57.745784759521484
JB Wendelken,44,0.644,46.22343826293945,0.803,66.37357330322266
John Curtiss,44,0.723,47.58085632324219,0.674,50.45891571044922
Joe Kelly,44,0.535,21.82429313659668,0.555,27.801088333129883
Chase De Jong,44,0.81,66.73646545410156,1.041,95.19340515136719
Blake Parker,44,0.857,76.998626708984375,0.592,37.98375701904297
Chris Sale,43,0.824,65.61771392822266,0.346,10.602269172668457
Alexander Wells,43,0.926,83.39105987548828,0.775,68.48046875
Burch Smith,43,0.697,55.619693756103516,0.899,79.65055847167969
Pete Fairbanks,43,0.465,28.899572372436523,0.925,79.6875
Taylor Clarke,43,0.787,72.81915283203125,0.761,66.941314697265625
Tony Santillan,43,0.69,42.53529739379883,0.779,55.51968002319336
Edgar Santana,43,0.801,61.8277702331543,0.457,24.414119720458984
Chris Martin,43,0.682,53.04500961303711,0.78,68.26580810546875
Wade Davis,43,0.749,62.412384033203125,0.862,66.06452178955078
Wander Suero,43,0.842,67.14033508300781,0.876,71.59722900390625
Blake Taylor,43,0.881,65.50083923339844,0.47,26.080259323120117
Lucas Gilbreath,43,0.492,28.93722152709961,0.778,53.27337646484375
Spencer Patton,42,0.521,20.803401947021484,0.817,66.165313720703125
Sam Coonrod,42,0.687,48.30653762817383,0.699,50.78547668457031
Miguel Diaz,42,0.746,43.90317916870117,0.7,44.37016296386719
Drew Smith,41,0.702,40.14629364013672,0.641,36.374534606933594
Kohei Arihara,41,1.015,95.66847229003906,0.858,65.7519302368164
Sammy Long,41,0.86,69.7567367553711,0.509,26.898935317993164
Joe Smith,40,0.888,82.52385711669922,0.548,38.43666458129883
Juan Minaya,40,0.568,28.376314163208008,0.727,52.6491813659668
Casey Sadler,40,0.384,11.210709571838379,0.441,16.291200637817383
Taylor Rogers,40,0.713,58.705360412597656,0.525,23.51403045654297
Phillips Valdez,40,0.657,38.761531829833984,0.763,67.16435241699219
Darwinzon Hernandez,40,0.677,41.83281326293945,0.742,49.4926872253418
Tyler Gilbert,40,0.772,53.9276008605957,0.342,15.907380104064941
Joe Mantiply,40,0.886,84.711456298828125,0.708,59.218902587890625
Alex Vesia,40,0.639,43.42008972167969,0.455,22.98564910888672
Dan Winkler,40,0.791,54.842647552490234,0.696,51.36193084716797
Bryan Garcia,39,0.757,60.34690856933594,1.215,109.88710021972656
TJ McFarland,39,0.739,56.0866813659668,0.496,19.383955001831055
Matt Foster,39,0.839,66.228302001953125,0.776,66.75005340576172
Max Kranick,39,0.795,69.387115478515625,0.911,84.87519836425781
Jakob Junis,39,0.718,54.10198211669922,0.845,70.7006607055664
Joey Lucchesi,38,0.732,47.82319641113281,0.689,57.52751159667969
Charlie Barnes,38,0.886,81.18085479736328,0.642,50.50392150878906
Paul Blackburn,38,0.858,78.67814636230469,0.953,88.16980743408203
Cody Ponce,38,0.916,95.452362060546875,1.106,109.30831909179687
Kyle Muller,37,0.624,37.20182418823242,0.559,28.800615310668945
Joakim Soria,37,0.727,54.097679138183594,0.963,84.26483154296875
Albert Abreu,37,0.662,37.33781814575195,0.898,59.30328369140625
Trevor Cahill,37,0.585,43.07139205932617,1.01,92.508331298828125
Ryan Burr,37,0.556,29.65680694580078,0.766,54.059818267822266
Shawn Armstrong,36,0.699,48.97451400756836,1.152,106.59781646728516
Josh Rogers,36,0.943,79.84615325927734,0.343,16.37836456298828
Bryan Abreu,36,0.744,51.47556686401367,0.771,69.61046600341797
Steven Okert,36,0.782,50.20695114135742,0.461,22.130264282226563
Noe Ramirez,36,0.51,19.106590270996094,0.595,34.6900749206543
Ben Bowden,36,0.861,70.01019287109375,0.904,80.34294891357422
Jordan Holloway,36,0.628,41.62059783935547,0.621,35.341976165771484
Ryne Harper,36,0.661,34.33628463745117,0.716,53.13555145263672
Andres Machado,36,0.791,57.06409454345703,0.59,36.58172607421875
Nick Neidert,36,0.645,39.52755355834961,0.926,76.07178497314453
Alex Lange,36,0.815,68.329345703125,0.708,51.789180755615234
Andrew Miller,36,1.151,105.0520248413086,0.545,45.31486511230469
Hyeon-jong Yang,35,0.909,78.82173919677734,0.892,76.34429168701172
Buck Farmer,35,0.816,63.79684829711914,1.027,87.1718978881836
Louis Head,35,0.504,22.033283233642578,0.484,22.187637329101563
Aaron Sanchez,35,0.632,44.60468673706055,0.686,47.75449752807617
Enyel De Los Santos,35,0.899,76.74360656738281,0.937,78.15618896484375
Will Vest,35,0.844,77.51473236083984,0.774,65.12646484375
Erik Swanson,35,0.65,35.22850799560547,0.696,47.41938781738281
Adrian Sampson,35,0.792,50.865901947021484,0.74,52.00828552246094
Victor Gonzalez,35,0.87,71.63337707519531,0.568,38.15957260131836
Ryan Thompson,34,0.63,41.14054489135742,0.704,42.753353118896484
Braxton Garrett,34,0.822,73.6381607055664,0.972,95.9183349609375
Anthony Kay,34,0.735,67.89038848876953,1.267,118.8271484375
Domingo Tapia,34,0.576,33.384056091308594,0.56,32.16531753540039
Justin Wilson,34,0.691,45.5767936706543,0.911,80.8255615234375
Danny Coulombe,34,0.745,62.75236511230469,0.752,56.768829345703125
Nick Sandlin,34,0.561,28.7508487701416,0.627,33.608558654785156
Anthony Banda,34,0.961,89.24555969238281,0.602,43.8719367980957
Bailey Falter,34,0.739,52.60273361206055,0.705,61.447471618652344
Jacob Webb,34,0.845,75.87957763671875,0.718,57.79328536987305
Jesse Chavez,34,0.498,26.24811553955078,0.517,25.1640625
Tejay Antone,34,0.446,16.32159996032715,0.566,26.8325138092041
Ashton Goudeau,34,0.576,26.698076248168945,0.758,52.1986198425293
Luis Garcia,33,0.368,14.585062026977539,0.864,63.52207565307617
Luis Garcia,33,0.368,14.585062026977539,0.864,62.5233268737793
Brusdar Graterol,33,0.596,42.33138656616211,0.968,77.91246795654297
Kyle Keller,33,0.819,58.25684356689453,0.933,73.56848907470703
Daniel Ponce de Leon,33,0.775,57.97626876831055,0.914,72.99156188964844
Jake Faria,33,0.813,70.1759033203125,0.875,77.0181884765625
Alex Claudio,33,0.823,67.9647445678711,0.855,69.17078399658203
Aaron Ashby,32,0.568,36.673866271972656,0.875,72.78838348388672
Sean Newcomb,32,0.737,54.947364807128906,0.685,52.536048889160156
Tyler Chatwood,32,0.638,37.342010498046875,0.715,51.96723937988281
Rafael Dolis,32,0.753,53.3084602355957,0.692,49.8877067565918
Tanner Rainey,32,0.834,62.628841400146484,0.84,58.723243713378906
Ryan Hendrix,32,0.944,76.84193420410156,0.795,56.116546630859375
Aaron Slegers,31,0.81,78.429290771484375,1.263,127.23916625976562
Keynan Middleton,31,0.719,56.75141906738281,0.759,54.85065841674805
Jharel Cotton,31,0.697,55.49850845336914,0.603,36.24422073364258
Dillon Maples,31,0.642,35.37168884277344,0.486,28.8402156829834
Cody Poteet,31,0.764,51.05576705932617,0.766,50.8764533996582
Zac Lowther,30,0.813,66.18376159667969,1.14,114.68031311035156
Ralph Garza,30,0.698,45.97273254394531,0.752,49.63254928588867
Brad Brach,30,0.758,61.068851470947266,0.881,68.42864227294922
Marcos Diplan,30,0.802,58.02597427368164,0.57,31.06852912902832
Jake Cousins,30,0.587,26.52979278564453,0.557,32.25798797607422
Chris Rodriguez,30,0.72,62.54951858520508,0.583,38.862403869628906
Brandon Kintzler,30,1.147,116.40367126464844,0.687,64.09369659423828
Jackson Kowar,30,0.959,96.11968231201172,1.075,104.60613250732422
Luis Oviedo,30,0.744,58.82976150512695,1.053,89.616607666015625
Kyle McGowin,30,0.493,24.30954933166504,0.807,53.595436096191406
Chris Ellis,29,0.654,39.24108123779297,0.585,34.07972717285156
Justin Garza,29,0.742,50.94807815551758,0.857,68.50031280517578
Luis Gil,29,0.66,37.53064727783203,0.538,30.53485679626465
Joe Barlow,29,0.482,22.552099227905273,0.367,14.855364799499512
Robert Gsellman,29,0.68,47.46443176269531,0.703,55.933143615722656
Reiss Knehr,29,0.756,52.32903289794922,0.652,42.871585845947266
Jacob Barnes,29,0.942,82.57818603515625,0.698,52.57633590698242
Jimmy Nelson,29,0.406,12.47784423828125,0.505,27.13004493713379
Tommy Nance,29,0.867,61.283042907714844,0.604,34.86665344238281
Michael Lorenzen,29,0.651,51.82693862915039,0.69,49.330318450927734
Jordan Sheffield,29,0.499,25.80976676940918,0.607,37.4569206237793
Steven Brault,28,0.92,78.0244140625,0.545,33.18730926513672
Kevin Ginkel,28,0.693,51.330482482910156,1.256,111.77886199951172
Yohan Ramirez,28,0.617,30.454896926879883,0.833,56.95063781738281
Thomas Eshelman,28,0.982,91.69134521484375,0.729,56.80292510986328
Brandon Workman,28,0.935,92.81055450439453,0.856,69.2158432006836
Travis Lakins,28,0.745,52.0353889465332,0.616,43.168251037597656
Patrick Murphy,28,0.825,74.055908203125,0.688,52.45209884643555
Michael Rucker,28,0.944,82.6150131225586,0.736,59.94791030883789
Dillon Peters,27,0.729,55.751861572265625,0.738,47.4590950012207
Erasmo Ramirez,27,0.529,27.822341918945313,0.945,82.10174560546875
Sean Nolin,27,0.866,82.67935943603516,0.922,78.79057312011719
Andrew Wantz,27,0.594,29.679271697998047,0.904,71.78832244873047
Camilo Doval,27,0.491,21.12208366394043,0.752,49.05899429321289
Evan Marshall,27,0.955,86.62236785888672,0.674,48.82080841064453
Yacksel Rios,27,0.769,45.922916412353516,0.546,31.746809005737305
Chris Mazza,27,0.759,62.03889846801758,0.652,44.005245208740234
Tyler Zuber,27,0.578,39.69521713256836,1.063,94.0153579711914
Paul Campbell,27,0.811,72.42649841308594,0.885,75.43861389160156
David Hale,27,0.966,88.44415283203125,0.643,48.21400451660156
Joe Ryan,27,0.517,20.82125473022461,0.599,28.131513595581055
Hector Santiago,26,0.66,46.47718811035156,0.845,70.31855773925781
Demarcus Evans,26,0.639,39.27076721191406,0.946,82.38153076171875
Drew Pomeranz,26,0.732,47.291141510009766,0.41,19.12152099609375
Jose Quijada,26,0.56,31.701473236083984,0.799,61.55544662475586
Robert Dugger,26,1.007,99.64180755615234,0.798,71.07591247558594
Tayler Saucedo,26,0.82,59.7780647277832,0.411,21.197847366333008
Carson Fulmer,26,0.856,74.55437469482422,0.714,53.76680374145508
Corey Knebel,26,0.563,26.311670303344727,0.478,21.844032287597656
Miguel Sanchez,26,0.766,65.0425033569336,0.85,65.35026550292969
Austin Davis,26,0.876,66.17401123046875,0.604,36.095245361328125
Edward Cabrera,26,0.831,62.854434967041016,0.949,75.76353454589844
Conner Greene,25,0.809,72.91004180908203,0.817,75.71387481689453
Cam Bedrosian,25,0.906,78.68627166748047,0.784,63.63641357421875
Luke Farrell,25,0.926,82.0971908569336,0.683,58.565120697021484
Sam Selman,25,0.592,32.31386947631836,0.864,64.74729919433594
Tyler Clippard,25,0.557,33.250450134277344,0.936,74.614013671875
Kodi Whitley,25,0.493,20.212295532226562,0.504,25.04629135131836
Anthony Castro,25,0.811,63.1516227722168,0.639,38.147804260253906
Mason Thompson,25,0.895,84.36802673339844,0.849,64.22850799560547
Yennsy Diaz,25,0.727,54.178855895996094,0.86,66.37581634521484
Sal Romano,25,0.993,92.23029327392578,0.669,53.51580810546875
Adam Morgan,25,1.369,133.42416381835937,0.469,49.27762222290039
Cionel Perez,24,0.844,56.85029983520508,0.762,56.069522857666016
Shane Greene,24,0.918,71.00129699707031,0.837,67.54886627197266
Kyle Crick,24,0.573,33.41865921020508,0.539,31.15244483947754
Jefry Rodriguez,24,1.018,83.20263671875,0.653,54.5631217956543
Trevor Megill,24,1.234,139.5247039794922,0.711,69.37255859375
Ryan Borucki,24,0.991,78.98319244384766,0.425,22.714988708496094
Stefan Crichton,23,0.85,80.18119812011719,1.046,101.83306121826172
Glenn Otto,23,0.749,64.47454071044922,1.145,116.2481460571289
Wes Benjamin,23,0.806,69.7491455078125,1.272,128.1082763671875
Packy Naughton,23,0.829,68.17127990722656,0.752,68.19609069824219
Shaun Anderson,23,0.767,70.53588104248047,1.141,111.57361602783203
Caleb Baragar,23,0.583,29.849895477294922,0.851,73.1597900390625
Nick Mears,23,0.781,64.52112579345703,0.868,70.87102508544922
Sean Poppen,23,0.709,64.59370422363281,1.065,99.782501220703125
AJ Alexy,23,0.887,62.14295196533203,0.387,21.58075523376465
Dustin May,23,0.607,31.800973892211914,0.586,29.637325286865234
Rowan Wick,23,0.681,50.226688385009766,0.484,28.25054168701172
Dietrich Enns,22,0.582,35.25446701049805,0.494,28.45148468017578
Stephen Strasburg,22,0.585,35.71059036254883,0.885,71.38445281982422
Jay Jackson,22,0.861,64.10008239746094,0.409,20.91554069519043
Hoby Milner,22,1.187,127.80030822753906,0.554,49.549930572509766
Humberto Mejia,22,0.993,100.29457092285156,1.214,120.1617431640625
Drew Anderson,22,0.577,44.20002365112305,0.617,39.20276641845703
Reid Detmers,21,0.905,75.88213348388672,0.966,90.6867904663086
Junior Fernandez,21,0.764,57.72869110107422,0.97,90.28519439697266
Art Warren,21,0.442,16.012563705444336,0.547,23.76305389404297
Drew Hutchison,21,0.692,62.81022262573242,0.667,47.351463317871094
Richard Lovelady,21,0.715,48.538726806640625,0.479,23.104623794555664
Sean Reid-Foley,21,0.778,67.07836151123047,0.76,57.05815124511719
Tucker Davidson,20,0.656,39.491947174072266,0.691,45.78845977783203
Daniel Castano,20,0.79,65.238311767578125,0.798,64.798431396484375
Austin Warren,20,0.571,35.766326904296875,0.468,20.54530143737793
Adam Conley,20,0.817,59.0355339050293,0.31,9.909307479858398
Sean Guenther,20,0.794,76.09781646728516,1.091,107.9803466796875
Andre Scrubb,20,0.795,48.8652458190918,0.746,55.31779479980469
Nick Ramirez,20,0.821,72.63056182861328,0.601,48.547664642333984
Jerad Eickhoff,20,0.77,67.581024169921875,1.509,137.3516082763672
Michael Feliz,20,1.02,103.3785400390625,0.695,62.14040756225586
JD Hammer,20,0.858,70.63904571533203,0.682,53.45899963378906
David Hess,20,1.158,128.7835693359375,1.267,130.84317016601562
Edwin Uceta,20,0.65,36.71611022949219,0.831,69.93247985839844
Eric Yardley,19,0.725,66.24376678466797,1.483,136.39874267578125
Nate Jones,19,0.604,39.865779876708984,1.375,113.14636993408203
Ian Krol,19,0.865,73.86875915527344,0.776,73.3497543334961
Jimmy Herget,19,0.855,75.62596893310547,0.611,41.282958984375
Andrew Albers,19,1.228,120.09640502929687,0.755,66.81659698486328
Chris Archer,19,0.839,67.681365966796875,0.528,27.767240524291992
Justin Miller,19,0.926,77.6080322265625,0.79,62.69568634033203
Justin Bruihl,19,0.831,60.40617752075195,0.359,17.591222763061523
Zack Britton,18,0.886,68.98810577392578,0.568,37.92612838745117
Mike Wright,18,0.784,61.889244079589844,0.671,57.14695358276367
Fernando Abad,18,0.714,61.59559631347656,0.96,90.85980224609375
Jandel Gustave,18,0.673,42.30165100097656,0.551,28.132402420043945
Jose De Leon,18,0.762,68.109375,1.06,93.84838104248047
John Brebbia,18,1.087,115.50440979003906,0.69,58.89106369018555
Kent Emanuel,18,0.624,41.005882263183594,0.636,41.82452392578125
Manuel Rodriguez,18,0.462,35.2333984375,1.117,95.31889343261719
Garrett Cleavinger,18,1.055,98.93920135498047,0.746,61.783023834228516
JB Bukauskas,17,0.831,74.721435546875,1.175,120.14042663574219
Brad Wieck,17,0.529,32.42099380493164,0.433,27.218847274780273
Justin Lawrence,17,0.96,94.631500244140625,0.742,65.10243225097656
Josh Lindblom,17,1.067,111.6072998046875,1.118,104.27861785888672
Cory Abbott,17,0.958,84.26787567138672,1.102,104.75079345703125
Angel Perdomo,17,1.098,82.83951568603516,0.354,26.725357055664063
Cody Stashak,16,0.489,40.17692565917969,1.204,108.76658630371094
Ryan Buchter,16,1.155,95.56046295166016,0.707,53.43280792236328
Janson Junk,16,0.732,54.1673698425293,0.944,90.52519226074219
Corbin Martin,16,1.381,146.42068481445312,0.797,76.97225189208984
Tyler Webb,16,0.886,91.0652084350586,0.887,79.78771209716797
Lewis Thorpe,15,0.732,48.97307586669922,0.606,47.64302444458008
Ljay Newsome,15,0.765,79.8555908203125,1.506,133.2112274169922
TJ Zeuch,15,1.004,99.0948257446289,1.25,134.90110778808594
Nate Pearson,15,0.704,49.17780303955078,0.838,67.58917999267578
Derek Law,15,0.682,51.989688873291016,1.03,94.20720672607422
Edgar Garcia,15,1.104,111.55692291259766,0.935,82.2854995727539
Connor Overton,15,0.435,31.13020896911621,1.033,92.56714630126953
Scott Effross,15,0.806,62.85416030883789,0.593,41.18939208984375
Seth Frankoff,15,1.025,99.43152618408203,1.012,99.06416320800781
James Sherfy,15,0.536,35.877071380615234,0.862,60.51013946533203
Daulton Jefferies,15,0.661,33.298377990722656,0.606,39.93366241455078
Ryan Sherriff,15,0.754,58.81912612915039,0.574,42.043052673339844
Miguel Yajure,15,0.776,55.83913803100586,1.23,117.00689697265625
Jon Heasley,15,1.069,103.1561050415039,0.717,58.31736373901367
Scott Alexander,15,0.792,70.94233703613281,0.585,39.07611846923828
Tommy Milone,14,0.913,98.37732696533203,0.993,93.53157806396484
Austin Brice,14,0.812,66.7328872680664,0.875,71.047271728515625
Conner Menez,14,0.931,83.59490966796875,0.449,29.91207504272461
Nick Nelson,14,0.898,69.08050537109375,0.807,69.23445892333984
Josh Osich,14,0.951,78.64237976074219,0.729,66.32909393310547
Reymin Guduan,14,1.105,104.41624450683594,0.313,42.225608825683594
Kohl Stewart,14,0.785,67.36956787109375,0.892,85.95347595214844
Peter Solomon,14,0.452,32.49903869628906,0.71,55.970191955566406
Wyatt Mills,13,0.758,97.07362365722656,1.458,141.563232421875
Kyle Barraclough,13,0.905,65.3058853149414,0.802,70.08403778076172
AJ Puk,13,0.791,75.12646484375,0.686,59.450008392333984
Shane Baz,13,0.364,26.287994384765625,0.833,53.310184478759766
Grant Dayton,13,0.807,77.269287109375,0.968,79.95915222167969
Julian Merryweather,13,0.649,58.329410552978516,1.192,100.41686248779297
Jimmy Lambert,13,0.957,89.04584503173828,0.914,81.75006103515625
Cristopher Sanchez,13,0.945,93.45134735107422,0.741,73.24878692626953
Nick Vincent,13,0.622,37.56367874145508,0.289,14.750056266784668
Kervin Castro,13,0.618,48.129173278808594,0.599,50.76311111450195
Jhonathan Diaz,13,0.863,64.61474609375,0.345,26.610960006713867
Shelby Miller,13,1.058,91.788482666015625,0.982,98.1196517944336
Kyle Ryan,13,1.13,119.45167541503906,0.745,67.28658294677734
Jon Duplantier,13,1.154,120.5959701538086,0.93,85.3054428100586
Evan Phillips,13,0.798,62.1951904296875,0.375,22.226640701293945
Anthony Swarzak,12,0.791,91.72783660888672,1.655,146.7016143798828
Ryan Brasier,12,0.374,37.98887634277344,1.23,101.34193420410156
Konner Wade,12,1.168,120.17718505859375,0.675,68.95417785644531
Nick Margevicius,12,0.919,74.36734771728516,0.489,29.82370376586914
Kyle Tyler,12,0.779,50.43081283569336,0.243,16.83544921875
Yoan Lopez,12,1.194,120.35635375976562,0.729,68.81622314453125
David Robertson,12,0.81,55.0614013671875,0.586,45.51117706298828
Luis Madero,12,0.431,42.732181549072266,1.593,133.09873962402344
Reiver Sanmartin,12,0.794,75.65501403808594,0.463,30.491256713867188
Seth Elledge,12,0.911,89.3252182006836,0.804,68.38543701171875
Andre Jackson,12,0.769,46.893348693847656,0.668,58.07126235961914
Taylor Williams,12,1.016,90.441314697265625,0.618,52.42146301269531
Scott Kazmir,11,0.776,85.9216079711914,1.337,135.21153259277344
Brooks Kriske,11,1.293,157.79344177246094,1.5,143.49636840820312
Travis Bergen,11,0.473,38.4234619140625,0.812,53.48107147216797
Antonio Santos,11,0.67,47.9184455871582,0.667,46.78007507324219
Darren O'Day,11,0.758,46.73209762573242,0.548,33.52790832519531
Domingo Acevedo,11,0.896,67.43138885498047,0.561,38.010047912597656
Beau Burrows,11,1.459,167.30335998535156,1.013,101.32299041748047
Ben Rowen,11,0.688,40.34455490112305,1.078,105.06507110595703
Jesse Biddle,11,0.952,78.25678253173828,0.503,36.64504623413086
Kyle Cody,11,0.912,95.7771987915039,0.912,79.42679595947266
Jason Adam,11,0.693,57.643463134765625,0.9,72.428741455078125
Alberto Baldonado,11,0.687,45.71287155151367,0.93,75.83892822265625
Gabe Klobosits,11,0.928,90.658050537109375,0.559,49.55092239379883
Keone Kela,11,0.951,83.4242172241211,0.6,42.23980712890625
Shawn Morimando,10,0.925,114.9655990600586,2,151.52894592285156
Jake Reed,10,0.667,58.92204666137695,0.476,30.85590171813965
Kyle Nelson,10,0.687,67.0970458984375,0.714,49.94706726074219
Jake Jewell,10,1.118,136.41864013671875,1.365,145.65505981445312
Cody Reed,10,0.768,61.28106689453125,0.542,36.86671447753906
Ryan Weber,10,1.16,139.52735900878906,1.833,146.65895080566406
Sam Moll,10,0.481,40.90456008911133,0.867,72.92254638671875
Corey Oswalt,10,0.749,64.39033508300781,0.904,91.206634521484375
Eric Hanhold,10,1.024,92.46974182128906,0.368,31.42051887512207
Jordan Hicks,10,0.614,36.48760986328125,0.481,26.08180046081543
David Phelps,10,0.649,52.0536003112793,0.368,19.07676887512207
Mike Baumann,10,1.086,109.44776916503906,0.743,67.6840591430664
Jason Foley,10,0.956,69.64801788330078,0.404,29.950237274169922
Alec Bettinger,10,1.252,146.80735778808594,0.985,109.06934356689453
Zack Burdi,10,1.279,116.11669158935547,0.618,61.076683044433594
Mike Fiers,9,1.075,134.01004028320312,1.266,146.8416290283203
Oliver Ortega,9,0.742,65.32664489746094,0.967,102.67822265625
Daniel Camarena,9,1.055,116.03214263916016,0.812,86.46373748779297
Thomas Hatch,9,0.698,68.50072479248047,1.313,135.50291442871094
Enoli Paredes,9,0.73,55.618560791015625,0.828,65.75059509277344
Brandon Waddell,9,1.037,102.5823745727539,1.095,111.40090942382812
Jeremy Beasley,9,0.739,56.795562744140625,1.025,86.34578704833984
Hunter Harvey,9,0.848,61.22495651245117,0.615,41.71506118774414
Dakota Hudson,9,0.513,24.12175941467285,0.593,40.24668502807617
Geoff Hartlieb,9,1.033,92.6895980834961,0.713,64.55189514160156
Darren McCaughan,9,0.597,43.62735366821289,1.263,125.4478530883789
Dusten Knight,9,0.994,97.25504302978516,0.644,56.133644104003906
Adam Kolarek,9,1.157,112.5698471069336,0.654,67.579376220703125
JoJo Romero,9,1.347,152.81398010253906,0.775,73.939910888671875
Robert Stock,9,1.091,104.99789428710937,0.912,72.9515380859375
Joey Krehbiel,8,0.775,53.81514358520508,0.222,22.97014045715332
Jovani Moran,8,0.776,80.61939239501953,0.65,56.72657012939453
Ty Tice,8,0.625,85.65941619873047,1.472,143.45054626464844
James Hoyt,8,1.003,98.89942169189453,0.685,59.78870391845703
Adonis Medina,8,0.659,59.754154205322266,1.115,112.40461730957031
Ramon Rosso,8,0.912,79.78788757324219,0.89,94.64897155761719
AJ Cole,8,0.458,25.843975067138672,0.833,59.61001205444336
Tommy Hunter,8,0.411,21.360065460205078,0.481,20.760610580444336
Deivi Garcia,8,0.611,36.935203552246094,1.106,99.5604019165039
Kirby Snead,8,0.78,74.04694366455078,0.473,26.862398147583008
Darien Nunez,8,0.629,57.72544860839844,1.367,123.65754699707031
Mac Sceroler,8,1.419,162.1729736328125,1.429,152.63128662109375
Aaron Northcraft,8,0.906,57.74140167236328,0.543,37.99684143066406
Gabe Speier,8,0.842,84.05536651611328,0.368,37.68024444580078
Nick Tropeano,8,0.708,71.89404296875,0.807,60.88589859008789
Jace Fry,7,1.172,119.74736022949219,0.857,101.69161987304687
Anthony Gose,7,0.343,14.115952491760254,0.167,7.4458088874816895
Austin Pruitt,7,0.588,51.777095794677734,1.053,99.34980010986328
Mauricio Llovera,7,0.762,95.767791748046875,1.918,148.75462341308594
Ryan Meisinger,7,0.937,103.051025390625,1.115,115.66663360595703
Jordan Yamamoto,7,0.876,90.55168914794922,0.664,70.03776550292969
Francisco Perez,7,0.543,42.34001541137695,0.697,68.88177490234375
Chris Devenski,7,1.206,122.48538208007812,0.733,71.12320709228516
Ian Gibaut,7,0.649,59.6528205871582,1.143,117.70471954345703
Matt Strahm,7,1.082,149.69189453125,1,126.45802307128906
Nivaldo Rodriguez,7,1.284,108.78670501708984,0.267,39.54274368286133
Miguel Aguilar,7,1.046,101.42031860351562,0.368,34.37726593017578
Hans Crouse,7,0.311,27.127670288085938,1.029,77.171356201171875
Julian Fernandez,7,0.796,79.0774154663086,1.087,109.24388122558594
Tanner Roark,7,0.539,48.705623626708984,1.146,97.49747467041016
Luis Severino,6,0.17,19.240205764770508,1.167,80.31243133544922
Dylan Coleman,6,0.302,17.40613555908203,1,94.96813201904297
Javy Guerra,6,0.778,101.01791381835937,2.015,144.95602416992187
Javy Guerra,6,0.778,101.01791381835937,2.015,73.73692321777344
Nick Anderson,6,0.679,44.14747619628906,0.821,63.38250732421875
Ronald Bolanos,6,0.205,28.197404861450195,0.733,60.53842544555664
Colin Rea,6,0.7,86.09587860107422,1.333,139.78248596191406
Carl Edwards,6,1.318,167.60308837890625,1.278,155.6465301513672
Ryan Feltner,6,1.438,147.8042449951172,0.8,88.5115966796875
Peter Lambert,6,0.641,95.76353454589844,1.588,153.10977172851563
Jake Petricka,6,0.83,65.23108673095703,0.917,85.55591583251953
Clarke Schmidt,6,0.568,81.319793701171875,1.368,138.5227813720703
Jordan Weems,6,1.243,111.01730346679687,0.864,85.370880126953125
Will Harris,6,1.068,109.67098236083984,0.382,36.81387710571289
Kyle Wright,6,0.873,73.7449722290039,1.233,127.34622955322266
Jordan Zimmermann,6,1.313,136.85096740722656,0.664,80.84160614013672
Sandy Leon,6,1.144,132.33421325683594,0.857,86.46607971191406
Jake Latz,5,1.118,120.06333923339844,0,19.615001678466797
Adrian Morejon,5,1.04,100.70880889892578,0.333,38.66299057006836
Joan Adon,5,0.452,60.05220413208008,1.475,116.99032592773437
Hunter Wood,5,0.396,25.635562896728516,1,76.40277099609375
Luis Avilan,5,0.983,100.05429077148437,0.619,74.31622314453125
James Norwood,5,0.69,70.22925567626953,0.833,81.76350402832031
Brandyn Sittinger,5,1.44,150.62631225585938,0.829,85.47113037109375
Angel Zerpa,5,0.593,44.583412170410156,0,7.793330669403076
Shea Spitzbarth,5,0.812,63.72220993041992,0.5,40.67586898803711
Miguel Del Pozo,5,1.149,123.54644775390625,0.5,60.558494567871094
Brad Peacock,5,1.429,144.7480926513672,0.444,65.72943115234375
Devin Smeltzer,5,0.222,7.54277229309082,0.393,23.752336502075195
Tyler Ivey,5,0.778,89.08021545410156,0.964,96.40315246582031
Stephen Ridings,5,1.222,123.17090606689453,0.2,54.1751823425293
Tanner Anderson,5,0.667,77.694183349609375,0.4,23.150041580200195
Josh James,5,1.15,109.15975952148437,0.455,32.3311653137207
Scott Blewett,5,0.804,70.51994323730469,0.607,46.91130447387695
AJ Ramos,5,0.2,20.916168212890625,0.091,13.380158424377441
Julio Teheran,5,0.5,52.32902908325195,0.914,70.66133117675781
Isaac Mattson,4,0.421,71.86651611328125,1.55,118.33580780029297
Pedro Avila,4,0.762,74.79527282714844,0.762,69.12076568603516
Aaron Fletcher,4,0.973,115.79698181152344,1,111.84722900390625
Rony Garcia,4,0.125,38.08540725708008,1.833,110.92318725585937
Brent Honeywell,4,0.812,79.85343170166016,1.286,133.4644012451172
Thomas Szapucki,4,1.367,143.97085571289062,1.5,150.32241821289062
Daniel Zamora,4,0.727,81.389251708984375,1.262,124.1280288696289
Javy Guerra,4,0.573,41.68221664428711,0.762,144.95602416992187
Javy Guerra,4,0.573,41.68221664428711,0.762,73.73692321777344
Jose Marte,4,0.489,71.64363098144531,1.429,131.85430908203125
Jake Newberry,4,1.167,158.62367248535156,1.711,164.63519287109375
Jhon Romero,4,0.773,85.65618896484375,1,110.62105560302734
Eric Sogard,4,1.352,147.40020751953125,0.571,72.60209655761719
Willians Astudillo,4,0.644,51.07247543334961,0.167,16.99858856201172
Pedro Baez,4,0.958,91.0252914428711,0,10.976088523864746
Matt Bush,4,1.545,138.42323303222656,0.167,53.86420822143555
Bryan Mitchell,4,1.136,116.0671157836914,0.167,50.398128509521484
Reyes Moronta,4,0.625,73.88402557373047,0,6.339537143707275
Oliver Perez,4,0.606,58.5457763671875,0.667,74.891082763671875
Neftali Feliz,4,0.958,91.1451416015625,0.956,98.9723892211914
Stephen Gonsalves,4,0.619,39.33270263671875,0.347,16.885175704956055
DJ Johnson,4,0,17.49601936340332,0.778,46.88279342651367
Patrick Weigel,4,0.905,70.78984069824219,0.714,63.223934173583984
Asher Wojciechowski,4,1.205,107.06210327148437,0.536,42.91226577758789
Alex Blandino,4,0.542,62.326351165771484,1.25,127.96582794189453
Drew Carlton,4,1.375,158.27294921875,1.222,151.59068298339844
Dauri Moreta,4,0.167,23.846235275268555,0.875,77.7815933227539
Nick Snyder,4,1.127,106.64298248291016,0.167,56.81099319458008
Zack Godley,3,1.067,122.20867919921875,2,131.66934204101562
Justin Topa,3,1.333,184.89263916015625,1.875,159.52590942382812
Ryan Castellani,3,1.046,138.05650329589844,2.167,154.50347900390625
Mickey Jannis,3,1.5,190.47036743164062,2.114,166.41067504882813
Luis Frias,3,0.788,66.63488006591797,0.65,58.051185607910156
Brody Koerner,3,0.686,48.60543441772461,0.667,72.68939208984375
Connor Seabold,3,0.5,79.42754364013672,1.917,131.09629821777344
Brandon Brennan,3,0.2,64.69178009033203,1.267,111.39596557617187
Jay Flaa,3,0.542,100.34554290771484,2.6,141.586181640625
John Schreiber,3,1.069,109.798095703125,0.5,59.69905090332031
Ronald Torreyes,3,1.1,152.70465087890625,1.75,172.4604034423828
Andrew Bellatti,3,0.929,104.2704086303711,0.764,83.06481170654297
Roansy Contreras,3,0.714,78.16168212890625,0.65,56.567100524902344
John Nogowski,3,1.546,159.30728149414062,0.4,86.01434326171875
Joe Biagini,3,0.75,55.8499755859375,0.333,17.511945724487305
Seth Martinez,3,1.127,130.84725952148437,0.929,109.75616455078125
Zac Rosscup,3,0.833,90.734283447265625,1.2,119.52666473388672
RJ Alaniz,3,0.4,51.809112548828125,1.042,96.03532409667969
Manny Barreda,3,2.095,148.90029907226562,0,109.16282653808594
Eduard Bazardo,3,0.9,69.9761734008789,0.143,20.295759201049805
Harold Castro,3,0.4,41.07551574707031,0.167,26.767393112182617
Stephen Nogosek,3,1.4,161.1532440185547,0.714,81.01959228515625
Jesse Hahn,3,1.25,115.35230255126953,1.3,154.47442626953125
Ryan Hartman,2,1,93.78252410888672,0,19.160146713256836
Trevor Hildenberger,2,1.121,97.724273681640625,0.667,62.12022018432617
Wilmer Difo,2,1.415,199.22586059570312,2.55,170.20687866210937
Mike Kickham,2,1.431,156.94577026367187,1.667,155.4152374267578
Yefry Ramirez,2,0,17.304052352905273,0.5,37.62979507446289
Pedro Strop,2,0.452,46.44390106201172,1.167,88.53639221191406
Jorge Guzman,2,1.292,91.033782958984375,0.667,82.45857238769531
Brady Lail,2,1.167,166.28392028808594,1.25,171.07977294921875
Felix Pena,2,1.225,156.68667602539062,1.833,148.7218017578125
Gregory Santos,2,1.75,203.8306427001953,1.933,167.1977996826172
Noah Syndergaard,2,1.4,169.3882598876953,1,139.6533660888672
Kutter Crawford,2,1.952,153.1247100830078,0.25,119.83702850341797
Preston Guilmet,2,1.25,138.81085205078125,0.667,94.95765686035156
Dylan Lee,2,1,127.71224212646484,1.667,158.008544921875
Alex McRae,2,0.65,67.58326721191406,0.8,87.33440399169922
Francisco Mejia,2,1.952,185.98721313476562,0.8,132.9175567626953
Keury Mella,2,1.167,197.36151123046875,2.349,163.14845275878906
David Paulino,2,1.25,159.82965087890625,1,137.26580810546875
Elvis Peguero,2,1.575,179.12911987304687,1.371,170.68191528320312
Hernan Perez,2,0,21.109983444213867,1,81.88458251953125
Andrew Vasquez,2,0,13.811639785766602,0.667,57.654685974121094
Charlie Culberson,2,1,82.70362091064453,0,46.683109283447266
Brandon Dickson,2,2.143,145.2091064453125,0,116.64750671386719
Jace Peterson,2,1.25,146.67379760742187,0.762,101.04701232910156
Max Schrock,2,0,10.573558807373047,0,8.050692558288574
Spencer Strider,2,0.5,61.244205474853516,1,102.04238891601562
Raynel Espinal,2,1.667,123.55919647216797,0.4,102.35423278808594
Angel Rondon,2,0,27.507850646972656,0.533,36.136375427246094
Tyler Beede,1,1.15,118.9156494140625,2,149.8334197998047
Colten Brewer,1,1.35,120.0439224243164,2,155.53004455566406
Yermin Mercedes,1,1.25,150.28890991210937,2,158.27320861816406
Vinny Nittoli,1,1.4,121.95509338378906,NA,58.40842056274414
Riley O'Brien,1,1.25,188.8839874267578,2.8,167.8314971923828
James Paxton,1,0.25,17.808975219726563,0,13.723000526428223
Jesus Tinoco,1,2.417,221.67568969726562,2.5,193.9690399169922
Pat Valaika,1,0,5.373739719390869,0,10.424493789672852
Albert Almora,1,1.667,141.95045471191406,0.667,96.908355712890625
Dan Altavilla,1,0,39.66368103027344,1.667,107.02104949951172
Dellin Betances,1,0.333,26.964351654052734,0.5,33.05137252807617
Andy Burns,1,0.667,172.50794982910156,2.667,161.3888397216797
Asdrubal Cabrera,1,0.667,57.996116638183594,0,17.05154800415039
Matt Carpenter,1,0.667,98.8578109741211,1.167,115.37711334228516
Cooper Criswell,1,1.5,182.22886657714844,1.5,183.5847930908203
Seranthony Dominguez,1,0,4.0628275871276855,0,7.401856422424316
Robel Garcia,1,2.5,225.50372314453125,1,163.34347534179687
Marwin Gonzalez,1,0,3.890068292617798,0,8.603212356567383
Luis Guillorme,1,1.4,118.82156372070312,0.5,94.25733184814453
Bryan Holaday,1,2.75,176.4835662841797,0,104.50346374511719
Brock Holt,1,1,70.6395263671875,0,40.971248626708984
Kyle Lobstein,1,1.8,154.6758575439453,0.333,116.80689239501953
Jordan Luplow,1,1.75,139.93199157714844,0,89.96485137939453
Luke Maile,1,0,100.2110595703125,2.333,115.93128204345703
Danny Mendick,1,0.667,55.61616516113281,0.5,36.29938888549805
Andres Munoz,1,0.333,30.782041549682617,NA,26.08875274658203
David Peralta,1,1.167,171.85621643066406,2.667,175.36705017089844
Brett Phillips,1,1.167,87.95304107666016,0,64.13971710205078
Kevin Plawecki,1,0,3.890068292617798,0,8.603212356567383
Daniel Robertson,1,1,77.3960189819336,0,23.09520721435547
Chaz Roe,1,0.333,99.053802490234375,4,127.29826354980469
Andrew Romine,1,1.667,165.03440856933594,1,140.5167236328125
Austin Wynns,1,1.667,130.71656799316406,0,68.91411590576172
Nick Allgeyer,1,0,9.26770305633545,0,10.56946849822998
Christian Arroyo,1,0.333,90.3843765258789,2.5,145.59178161621094
Anthony Bemboom,1,1,141.89315795898437,2,177.28269958496094
Akeem Bostick,1,0,17.899648666381836,0.333,32.066104888916016
Jake Cronenworth,1,0,68.36200714111328,1.5,113.9731674194336
Kyle Dohy,1,1.167,67.0207748413086,0,67.26295471191406
Brandon Drury,1,1.25,148.54298400878906,2.333,169.2188720703125
Adam Eaton,1,1,87.17372131347656,0.667,99.411895751953125
Joshua Fuentes,1,1,60.76018142700195,0,49.803627014160156
Blaine Hardy,1,1.333,109.3023452758789,1.167,133.5288543701172
Wyatt Mathisen,1,1,60.76018142700195,0,49.803627014160156
Mitch Moreland,1,1,51.6810188293457,0,48.929649353027344
Josh Reddick,1,2.75,179.60919189453125,0,119.1469955444336
Anthony Rizzo,1,0.5,18.41933822631836,0,23.74172019958496
Jake Rogers,1,0.5,80.52648162841797,1.25,132.66177368164062
Darin Ruf,1,2.5,227.83973693847656,1.25,182.7038116455078
Mike Tauchman,1,1.667,159.61740112304687,0.667,133.89602661132812
Ka'ai Tom,1,0,24.90615463256836,0.667,65.45577239990234
Stevie Wilkerson,1,0,62.45219039916992,1.75,120.9439468383789
Justin Turner,1,2,103.25908660888672,0,92.42839050292969
John Axford,0,1,128.68580627441406,2,149.15762329101562
Damon Jones,0,1,64.34607696533203,NA,57.526283264160156
Kaleb Ort,0,0.5,76.84380340576172,2,122.4134292602539
Bernardo Flores,0,NA,67.245025634765625,2,107.59332275390625
Roel Ramirez,0,2,95.47969818115234,0.5,110.06800842285156
Jonathan Stiever,0,2,165.87940979003906,2,160.49794006347656
Stephen Tarpley,0,NA,58.84640121459961,2,108.20284271240234
Rex Brothers,NA,0.791,45.606781005859375,NA,10.623741149902344
Jonathan Arauz,NA,1.15,106.45256805419922,NA,49.826656341552734
Bryan Baker,NA,0.5,31.74271011352539,NA,13.200429916381836
Phillip Evans,NA,0,4.668637275695801,NA,11.02713680267334
Sergio Alcantara,NA,0,11.935994148254395,NA,10.61826229095459
Matt Duffy,NA,0,11.935994148254395,NA,10.61826229095459
Mike Freeman,NA,0,12.48022747039795,NA,9.082117080688477
Romy Gonzalez,NA,0,12.48022747039795,NA,9.082117080688477
Andrew Knapp,NA,0,11.935994148254395,NA,10.61826229095459
Nick Maton,NA,0,12.48022747039795,NA,9.082117080688477
Jack Mayfield,NA,0,11.935994148254395,NA,10.61826229095459
Kevin Pillar,NA,0,11.935994148254395,NA,10.61826229095459
Kevin Quackenbush,NA,1.75,135.88499450683594,NA,109.87635803222656
Hanser Alberto,NA,NA,11.935994148254395,0,10.61826229095459
Austin Slater,NA,NA,20.54817771911621,0.5,38.967533111572266
