player_name,pa_tot,ops_rhp,pred_rhp,ops_lhp,pred_lhp
Whit Merrifield,720,0.708,74.88202667236328,0.72,67.37239074707031
Marcus Semien,724,0.906,83.3048095703125,0.782,62.066768646240234
Tommy Edman,691,0.665,68.2120361328125,0.794,73.45744323730469
Bo Bichette,690,0.79,77.53740692138672,0.95,100.79114532470703
Isiah Kiner-Falefa,677,0.712,76.17902374267578,0.578,54.36848068237305
Ozzie Albies,686,0.749,61.61681365966797,0.94,95.32679748535156
David Fletcher,665,0.55,53.37302017211914,0.78,83.16849517822266
Jonathan Schoop,674,0.687,61.480472564697266,0.925,99.44108581542969
Salvador Perez,665,0.812,69.144683837890625,0.982,88.737518310546875
Mitch Haniger,691,0.747,59.676273345947266,0.921,83.72868347167969
JP Crawford,687,0.724,71.31780242919922,0.701,69.71575164794922
Vladimir Guerrero,698,1.02,102.58519744873047,0.946,85.232269287109375
Paul Goldschmidt,679,0.832,78.73749542236328,1.063,112.05397033691406
Kyle Seager,670,0.736,52.630008697509766,0.699,53.584877014160156
Cedric Mullins,675,0.931,87.99635314941406,0.788,73.47080993652344
Jose Altuve,678,0.862,77.473846435546875,0.79,73.22325134277344
Freddie Freeman,695,0.949,91.9780044555664,0.76,65.71882629394531
DJ LeMahieu,679,0.726,69.09037780761719,0.678,66.421173095703125
Trea Turner,646,0.828,83.23645782470703,1.15,131.07586669921875
Nolan Arenado,653,0.778,62.00870132446289,0.931,87.42469024658203
Rafael Devers,664,0.978,89.6800765991211,0.751,71.17400360107422
Austin Riley,662,0.941,92.38956451416016,0.752,70.2627944946289
Dansby Swanson,653,0.759,65.963287353515625,0.765,63.10970687866211
Jorge Polanco,644,0.838,73.04090118408203,0.803,73.13982391357422
Adolis Garcia,622,0.764,62.160675048828125,0.696,56.889888763427734
Adam Frazier,639,0.79,88.58914947509766,0.751,74.1300048828125
Ty France,650,0.781,73.39964294433594,0.874,84.71118927001953
Cesar Hernandez,637,0.66,57.2747688293457,0.767,60.81051254272461
JD Martinez,634,0.889,84.63208770751953,0.826,75.088470458984375
Jake Cronenworth,643,0.815,70.28719329833984,0.769,74.0744400024414
Jose Abreu,659,0.788,64.580596923828125,0.969,86.72064208984375
Carlos Santana,659,0.636,43.23665237426758,0.718,61.20378494262695
Matt Olson,673,0.878,77.05146789550781,0.962,84.133697509765625
Manny Machado,640,0.847,79.73986053466797,0.8,66.211578369140625
Myles Straw,638,0.745,78.58002471923828,0.593,55.87474060058594
Pete Alonso,637,0.845,76.8816909790039,0.904,79.40495300292969
Bryan Reynolds,646,0.911,86.44032287597656,0.915,102.96400451660156
Robbie Grossman,671,0.734,57.92506408691406,0.857,75.360260009765625
Jeimer Candelario,626,0.812,75.07511138916016,0.752,73.71482849121094
Nathaniel Lowe,642,0.78,69.5639419555664,0.754,73.380767822265625
Trey Mancini,616,0.68,56.858211517333984,0.899,83.72096252441406
Carlos Correa,640,0.853,76.9305191040039,0.844,84.6509780883789
Jose Ramirez,636,0.9,75.38017272949219,0.882,81.05366516113281
Teoscar Hernandez,595,0.784,73.12398529052734,1.151,125.55363464355469
Aaron Judge,633,0.886,81.70015716552734,0.99,92.42915344238281
Amed Rosario,588,0.679,71.34214782714844,0.839,89.461761474609375
Eduardo Escobar,599,0.752,61.798179626464844,0.877,78.89502716064453
Alex Verdugo,604,0.894,91.959930419921875,0.554,47.22385787963867
Dylan Carlson,619,0.739,66.600616455078125,0.923,99.98957061767578
Shohei Ohtani,639,0.954,78.54781341552734,0.98,90.71778106689453
Yordan Alvarez,598,0.874,78.941131591796875,0.881,76.9811019897461
Brandon Lowe,615,0.956,88.078704833984375,0.662,48.18098068237305
Ryan Mountcastle,586,0.77,61.98215866088867,0.842,72.942138671875
Justin Turner,612,0.837,80.04814147949219,0.818,69.03216552734375
Jonathan India,631,0.839,75.82190704345703,0.825,84.17752838134766
Nick Castellanos,585,0.936,91.68151092529297,0.945,92.18864440917969
Yuli Gurriel,605,0.805,85.631683349609375,0.925,100.28887176513672
Jared Walsh,585,0.994,99.35870361328125,0.565,31.614002227783203
Matt Chapman,622,0.67,47.81458282470703,0.806,66.2210922241211
Xander Bogaerts,603,0.887,87.80137634277344,0.818,81.33436584472656
Randy Arozarena,604,0.75,69.93219757080078,0.921,89.31729888916016
Ryan McMahon,596,0.826,73.11036682128906,0.665,55.64883804321289
Tim Anderson,551,0.799,83.95170593261719,0.828,90.49970245361328
Trevor Story,595,0.735,61.425777435302734,0.974,90.687103271484375
Hunter Renfroe,572,0.777,63.14687728881836,0.885,76.23292541503906
Yoan Moncada,616,0.817,75.324310302734375,0.7,66.14593505859375
Mark Canha,625,0.755,62.281551361083984,0.726,53.645084381103516
Austin Meadows,591,0.871,70.355010986328125,0.563,41.88349151611328
Kevin Newman,554,0.561,47.30122756958008,0.602,45.23807144165039
Jorge Soler,602,0.711,54.87702941894531,0.846,67.03181457519531
Charlie Blackmon,582,0.758,70.8067855834961,0.769,79.0498046875
Jean Segura,567,0.738,76.1922378540039,0.882,90.14826965332031
Kris Bryant,586,0.808,74.00860595703125,0.91,84.08150482177734
Adam Duvall,555,0.827,67.93221282958984,0.61,40.07144546508789
Nelson Cruz,584,0.791,62.217132568359375,0.913,91.572113037109375
Randal Grichuk,545,0.693,54.9534912109375,0.733,55.169185638427734
Giancarlo Stanton,579,0.863,78.27112579345703,0.886,75.79689025878906
Eric Hosmer,565,0.754,70.911834716796875,0.676,63.113739013671875
Enrique Hernandez,585,0.744,63.00596618652344,0.85,73.37068176269531
Chris Taylor,582,0.733,63.212154388427734,0.897,87.87190246582031
Kyle Tucker,567,0.92,87.61229705810547,0.91,88.74398040771484
Eugenio Suarez,574,0.748,52.94001388549805,0.619,40.3355827331543
Josh Harrison,558,0.729,75.77275085449219,0.771,77.759857177734375
Juan Soto,654,1.073,101.93235778808594,0.875,78.51679992675781
Javier Baez,547,0.773,68.86161041259766,0.926,84.84968566894531
Lourdes Gurriel,541,0.802,73.64867401123047,0.743,68.35382080078125
Joey Gallo,616,0.832,61.17475128173828,0.767,62.025634765625
Pavin Smith,545,0.778,74.63665771484375,0.607,55.445045471191406
Josh Bell,568,0.815,71.7703628540039,0.838,66.6187973022461
Max Muncy,592,0.871,70.95337677001953,0.961,84.85826110839844
Nicky Lopez,565,0.757,84.66156005859375,0.704,75.51234436035156
Willy Adames,555,0.838,77.123992919921875,0.771,64.60511779785156
Elvis Andrus,541,0.68,69.438385009765625,0.478,32.38215255737305
Anthony Rizzo,576,0.733,57.06071853637695,0.901,93.12921905517578
Miguel Rojas,539,0.642,60.770301818847656,0.885,93.54886627197266
Andrew Benintendi,538,0.754,66.52185821533203,0.795,82.25391387939453
Luis Urias,570,0.786,65.57601165771484,0.8,63.05887222290039
Bryce Harper,599,1.155,102.06719970703125,0.798,71.253326416015625
Austin Hays,529,0.683,51.16789245605469,0.897,85.017547607421875
David Peralta,538,0.726,68.402618408203125,0.734,71.44031524658203
Raimel Tapia,533,0.71,69.37701416015625,0.667,70.29948425292969
Hunter Dozier,543,0.695,52.80343246459961,0.64,48.78877258300781
Josh Rojas,550,0.744,73.13349151611328,0.775,72.13348388671875
Kyle Farmer,529,0.715,69.011962890625,0.789,64.23799133300781
Brandon Crawford,549,0.961,95.89457702636719,0.722,58.21683120727539
Michael A Taylor,528,0.606,52.537105560302734,0.769,69.08380126953125
Jose Iglesias,511,0.664,65.105072021484375,0.784,79.680816650390625
Tyler O'Neill,537,0.888,85.41864013671875,1.026,93.37520599365234
Andrew McCutchen,574,0.65,44.97981643676758,1.027,87.22132873535156
Fernando Tatis,546,0.978,91.57756805419922,0.968,90.26757049560547
JT Realmuto,537,0.804,75.09697723388672,0.728,61.672752380371094
Tommy Pham,561,0.736,62.02296829223633,0.689,48.62569046020508
Miguel Cabrera,526,0.702,58.70055389404297,0.698,61.57331466674805
CJ Cron,547,0.877,78.95855712890625,0.977,94.55802154541016
Miguel Sano,532,0.813,62.00764465332031,0.703,58.24412536621094
Michael Brantley,508,0.924,101.2939682006836,0.575,50.76815414428711
Mike Yastrzemski,532,0.848,66.86824035644531,0.513,36.52426528930664
Starling Marte,526,0.872,97.3001708984375,0.762,74.43407440185547
Mookie Betts,550,0.853,74.64568328857422,0.858,74.42900848388672
Ian Happ,535,0.789,60.33073043823242,0.653,52.48983383178711
Yandy Diaz,541,0.69,57.27138137817383,0.812,79.433837890625
Jazz Chisholm,507,0.752,65.2468490600586,0.67,54.920658111572266
Trent Grisham,527,0.712,59.94760513305664,0.825,71.817840576171875
Avisail Garcia,515,0.784,68.79253387451172,0.935,83.64800262451172
Joey Wendle,501,0.79,78.56078338623047,0.603,49.152198791503906
Gleyber Torres,516,0.651,61.18653106689453,0.802,79.02254486083984
Nick Solak,511,0.654,56.21580123901367,0.729,64.87823486328125
Christian Vazquez,498,0.71,70.20671844482422,0.555,47.02214050292969
Josh Donaldson,543,0.775,63.09402847290039,0.943,83.22345733642578
Jed Lowrie,512,0.733,58.504520416259766,0.686,62.31593322753906
Jonathan Villar,505,0.747,62.64894104003906,0.722,67.47916412353516
Garrett Hampson,494,0.601,48.307273864746094,0.815,69.53520965576172
Francisco Lindor,524,0.743,57.656742095947266,0.715,59.87199401855469
Odubel Herrera,492,0.744,67.38932037353516,0.686,59.703826904296875
Jesus Aguilar,510,0.781,66.516845703125,0.805,67.415496826171875
Joey Votto,533,1.048,102.30941772460937,0.702,52.82553482055664
Dominic Smith,493,0.622,47.7909049987793,0.783,78.487274169921875
Kolten Wong,492,0.779,68.65245056152344,0.79,82.709381103515625
Wil Myers,500,0.746,66.92316436767578,0.828,75.02326202392578
Yadier Molina,473,0.631,53.572349548339844,0.851,74.400482177734375
Nick Ahmed,473,0.54,42.631107330322266,0.778,64.84961700439453
Joc Pederson,481,0.733,58.076454162597656,0.726,68.30960845947266
Luis Arraez,479,0.757,84.962799072265625,0.657,64.58244323730469
Max Kepler,490,0.796,61.90789031982422,0.509,34.51020431518555
Jesse Winker,485,1.07,109.85984802246094,0.572,43.169551849365234
Manuel Margot,464,0.65,55.470455169677734,0.753,70.4789047241211
Gio Urshela,442,0.693,62.51212692260742,0.778,78.84629821777344
Franmil Reyes,466,0.832,71.42781829833984,0.876,70.73414611816406
Andrew Vaughn,469,0.61,48.276729583740234,0.938,81.79931640625
Bobby Dalbec,453,0.73,56.2267951965332,0.877,76.70169830322266
Leury Garcia,474,0.717,69.3543930053711,0.698,70.41878509521484
Will Smith,501,0.912,79.10363006591797,0.732,56.901397705078125
Akil Baddoo,461,0.841,76.84974670410156,0.523,41.503963470458984
Willson Contreras,483,0.734,57.827842712402344,0.891,78.46292877197266
Willi Castro,450,0.593,41.13198471069336,0.694,63.6590690612793
Andrelton Simmons,451,0.515,40.14545440673828,0.635,53.56265640258789
Tyler Naquin,454,0.853,79.3462905883789,0.562,44.519588470458984
Michael Conforto,479,0.792,64.08412170410156,0.582,46.71156311035156
Anthony Santander,438,0.732,57.521697998046875,0.698,59.86997604370117
Christian Walker,445,0.711,57.595787048339844,0.659,63.10914993286133
Christian Yelich,475,0.781,70.9650650024414,0.612,51.07964324951172
Kyle Schwarber,471,0.99,87.78409576416016,0.788,75.091094970703125
Buster Posey,454,0.829,79.66920471191406,1.051,106.49325561523437
Sean Murphy,448,0.748,57.743804931640625,0.629,43.731754302978516
Omar Narvaez,445,0.805,73.821258544921875,0.434,25.58635139465332
Rhys Hoskins,443,0.83,70.16446685791016,0.93,83.9430923461914
Wilmer Flores,436,0.771,62.11534118652344,0.803,77.95787048339844
Jackie Bradley,428,0.49,26.804609298706055,0.528,35.531185150146484
Brett Gardner,461,0.701,54.95402908325195,0.651,56.17586135864258
Brendan Rodgers,415,0.733,72.53816986083984,0.983,95.41716766357422
Jeff McNeil,426,0.69,59.73040008544922,0.63,61.679622650146484
AJ Pollock,422,0.902,89.04373931884766,0.872,81.95258331298828
Gary Sanchez,440,0.686,46.17681884765625,0.835,63.4644889831543
Alec Bohm,417,0.576,52.17427444458008,0.796,73.12580871582031
Eddie Rosario,412,0.778,67.741546630859375,0.651,58.54208755493164
Pedro Severino,419,0.61,51.79915237426758,0.818,72.78865051269531
Maikel Franco,403,0.629,42.918235778808594,0.567,45.145851135253906
James McCann,412,0.599,48.581241607666016,0.743,59.25685501098633
Jacob Stallings,427,0.763,72.1234359741211,0.597,45.120723724365234
Martin Maldonado,426,0.533,33.96834182739258,0.665,45.688926696777344
Didi Gregorius,408,0.666,48.97819137573242,0.556,38.30865478515625
Harrison Bader,401,0.789,70.93770599365234,0.765,62.58135986328125
Ke'Bryan Hayes,396,0.666,60.02690124511719,0.739,80.24952697753906
Paul DeJong,402,0.694,47.75608825683594,0.606,41.88889694213867
Freddy Galvis,394,0.685,52.3302116394043,0.761,68.071044921875
Jurickson Profar,412,0.698,64.72171783447266,0.478,33.388877868652344
Corey Seager,409,0.912,86.35318756103516,0.919,98.28367614746094
Eric Haase,381,0.661,45.944759368896484,0.907,82.85167694091797
Tyler Stephenson,402,0.788,75.86702728271484,0.813,79.1531982421875
Yan Gomes,375,0.635,48.16950225830078,0.89,85.75767517089844
Tucker Barnhart,388,0.687,57.8995475769043,0.67,58.7919921875
Kevin Kiermaier,390,0.735,71.65571594238281,0.676,70.22393035888672
Alex Bregman,400,0.744,65.28688049316406,0.839,80.98753356933594
Luis Torrens,378,0.644,49.82429885864258,0.854,75.62935638427734
Phil Gosselin,373,0.661,58.82102966308594,0.696,65.15087890625
Ramon Laureano,378,0.71,53.61039352416992,0.858,77.42574310302734
Ben Gamel,400,0.777,66.82946014404297,0.623,58.54008483886719
Ketel Marte,374,0.792,82.12284088134766,1.171,134.9366912841797
Harold Ramirez,361,0.665,62.04314041137695,0.774,80.72319030761719
Patrick Wisdom,375,0.823,66.6194839477539,0.821,66.37381744384766
Elias Diaz,371,0.778,61.738494873046875,0.768,63.30188751220703
Jarred Kelenic,377,0.695,43.8803825378418,0.49,32.15302658081055
LaMonte Wade,381,0.86,74.32643127441406,0.389,18.474361419677734
Corey Dickerson,365,0.749,75.09112548828125,0.642,58.29941177368164
Gregory Polanco,382,0.712,53.18720626831055,0.44,26.407711029052734
Gavin Lux,381,0.747,68.468017578125,0.533,39.073883056640625
Abraham Toro,375,0.714,54.366188049316406,0.632,60.63787078857422
Mike Zunino,375,0.637,39.08262634277344,1.287,113.74543762207031
Dylan Moore,377,0.558,34.9760856628418,0.684,47.031700134277344
Brad Miller,377,0.842,68.97362518310547,0.538,30.12178611755371
Tony Kemp,397,0.818,82.12970733642578,0.735,62.52395248413086
Brandon Belt,381,1.008,91.84447479248047,0.832,66.73723602294922
Brandon Nimmo,386,0.842,83.59679412841797,0.827,86.9020004272461
Kevin Pillar,347,0.7,51.18688201904297,0.678,52.750064849853516
Jason Heyward,353,0.629,45.53945541381836,0.621,53.836631774902344
Rougned Odor,361,0.625,42.177364349365234,0.757,57.26442337036133
Alcides Escobar,349,0.745,80.43580627441406,0.743,75.23628997802734
Colin Moran,359,0.785,74.28755950927734,0.553,42.80366134643555
Justin Upton,362,0.652,46.97749328613281,0.838,63.424949645996094
Ronald Torreyes,344,0.56,43.63402557373047,0.755,70.94986724853516
Harold Castro,339,0.702,71.339813232421875,0.452,29.58283805847168
Starlin Castro,346,0.674,65.9841537475586,0.804,87.19611358642578
Victor Robles,369,0.617,50.33056640625,0.572,47.382747650146484
Cody Bellinger,350,0.601,35.57251739501953,0.383,16.093591690063477
Victor Caratini,356,0.628,47.86333084106445,0.644,55.9586067199707
Asdrubal Cabrera,352,0.651,50.174964904785156,0.728,66.15412902832031
Juan Lagares,327,0.582,47.6635856628418,0.739,61.345848083496094
Donovan Solano,344,0.705,70.12007141113281,0.822,77.623870849609375
Guillermo Heredia,347,0.628,49.31796646118164,0.757,71.01896667480469
Carson Kelly,359,0.599,46.5000114440918,1.018,87.79132843017578
Yonathan Daza,331,0.665,67.76744842529297,0.728,75.1689224243164
Bradley Zimmer,348,0.707,57.60463333129883,0.559,48.782344818115234
George Springer,342,0.894,78.97551727294922,0.943,88.2120361328125
Ronald Acuna,360,0.969,90.6786117553711,1.067,100.58206176757812
Rowdy Tellez,325,0.716,56.45252227783203,0.73,63.09529113769531
Rafael Ortega,330,0.9,84.74251556396484,0.421,34.86195373535156
Jorge Alfaro,311,0.581,52.985565185546875,0.735,63.60371780395508
Aledmys Diaz,319,0.686,63.548057556152344,0.789,70.004974365234375
David Bote,327,0.562,39.759361267089844,0.706,50.22718048095703
Niko Goodrum,325,0.606,44.72013473510742,0.741,63.367610931396484
Matt Duffy,322,0.765,79.28343963623047,0.677,68.80207061767578
Edmundo Sosa,326,0.752,77.84558868408203,0.681,59.22105407714844
Austin Hedges,312,0.511,23.116788864135742,0.567,30.055021286010742
Jose Trevino,302,0.666,59.15471649169922,0.479,29.619958877563477
Chas McCormick,320,0.742,65.83269500732422,0.83,63.97499084472656
Daulton Varsho,315,0.729,57.03090286254883,0.819,75.4999008178711
Alex Dickerson,312,0.711,56.338443756103516,0.873,64.00392150878906
Jake Bauers,315,0.575,44.76072311401367,0.537,44.81523132324219
Max Stassi,319,0.786,65.36772155761719,0.642,50.73556900024414
Seth Brown,307,0.776,56.12956619262695,0.504,30.890438079833984
Wander Franco,308,0.696,66.06742858886719,1.02,107.93489074707031
Yasmani Grandal,375,0.909,73.5682601928711,1.031,85.65406799316406
Tom Murphy,325,0.504,34.14961624145508,0.793,60.69044494628906
Marwin Gonzalez,307,0.521,35.19815444946289,0.713,60.3409309387207
Luis Robert,296,0.86,93.6377182006836,1.235,142.70008850097656
Albert Pujols,296,0.5,31.067970275878906,0.939,71.89642333984375
Josh VanMeter,310,0.61,48.60055160522461,0.871,80.01038360595703
Lewis Brinson,290,0.586,40.77259826660156,0.747,60.86458969116211
Austin Slater,306,0.497,32.024742126464844,0.894,72.95441436767578
Kelvin Gutierrez,295,0.569,49.536033630371094,0.709,62.2949333190918
Joshua Fuentes,284,0.565,40.321815490722656,0.702,57.989479064941406
DJ Stewart,318,0.726,55.50131607055664,0.539,46.54795455932617
Steven Duggar,297,0.786,73.06895446777344,0.666,58.37929916381836
Ha-Seong Kim,298,0.601,39.22648620605469,0.672,54.41788864135742
Ryan Jeffers,293,0.64,40.20905685424805,0.73,54.893959045410156
Jack Mayfield,290,0.638,46.42344665527344,0.697,51.016807556152344
Billy McKinney,300,0.62,41.211307525634766,0.703,54.07117462158203
Jonah Heim,285,0.547,27.62668228149414,0.728,57.27056884765625
Yadiel Hernandez,289,0.69,65.36209869384766,0.861,77.25634002685547
Darin Ruf,312,0.824,73.92811584472656,1.007,95.10521697998047
Ramon Urias,296,0.822,89.00714111328125,0.714,66.21826171875
Willie Calhoun,284,0.693,65.08448028564453,0.682,56.90757369995117
Trevor Larnach,301,0.738,63.5450325012207,0.525,39.0421257019043
Jace Peterson,302,0.735,65.46034240722656,0.625,60.313323974609375
Pat Valaika,281,0.528,36.993621826171875,0.557,41.225948333740234
Ji-Man Choi,305,0.843,68.103973388671875,0.526,44.014503479003906
Lorenzo Cain,286,0.77,69.89990997314453,0.617,54.06259536743164
Ryan Zimmerman,273,0.647,45.196876525878906,0.901,86.15225982666016
Adam Eaton,288,0.643,46.15134048461914,0.447,31.52735137939453
Evan Longoria,291,0.739,64.05155181884766,1.088,103.20149993896484
Brett Phillips,292,0.848,67.85499572753906,0.372,18.042896270751953
Andy Ibanez,272,0.674,58.154170989990234,0.898,94.66444396972656
Cavan Biggio,294,0.721,56.912750244140625,0.54,45.50111389160156
Francisco Mejia,277,0.731,65.41851806640625,0.749,71.31864166259766
Charlie Culberson,271,0.382,18.373641967773438,0.932,75.3326644897461
Bobby Bradley,279,0.756,56.66697311401367,0.696,42.18391036987305
Tyrone Taylor,271,0.747,58.76234436035156,0.837,72.6546401977539
Frank Schwindel,259,0.913,95.68868255615234,1.076,114.51299285888672
Hanser Alberto,255,0.617,58.72367477416992,0.771,81.03508758544922
Yermin Mercedes,262,0.667,58.825218200683594,0.909,100.2586669921875
Isan Diaz,278,0.639,48.575538635253906,0.439,21.766572952270508
Yu Chang,251,0.72,54.94337844848633,0.668,53.410160064697266
Ryan O'Hearn,254,0.673,51.25113296508789,0.397,26.25574493408203
Joe Panik,257,0.597,47.86521911621094,0.371,18.86677360534668
Luis Garcia,247,0.655,51.15598678588867,0.771,78.28095245361328
Luis Garcia,247,0.655,51.15598678588867,0.771,10.580330848693848
Brandon Marsh,260,0.726,70.69416046142578,0.56,55.318477630615234
Brock Holt,260,0.623,51.5692253112793,0.361,17.158737182617188
Brian Goodwin,271,0.811,66.43070220947266,0.336,17.70269775390625
Byron Buxton,254,1.009,99.74669647216797,0.997,102.89940643310547
Brian Anderson,264,0.804,71.257110595703125,0.428,23.907737731933594
Jon Berti,271,0.668,60.64021301269531,0.553,43.76748275756836
Josh Naylor,250,0.805,75.7581558227539,0.512,42.66553497314453
Yoshi Tsutsugo,262,0.68,50.6942024230957,0.71,59.34528350830078
Mitch Moreland,252,0.73,60.48367691040039,0.561,33.42251205444336
Dom Nunez,263,0.722,53.22976303100586,0.535,26.922679901123047
Jesus Sanchez,251,0.81,65.854461669921875,0.802,66.89093780517578
Lane Thomas,264,0.612,52.645912170410156,1.103,102.71762084960937
DJ Peters,240,0.76,55.530784606933594,0.495,28.114696502685547
Santiago Espinal,246,0.771,81.07396697998047,0.796,97.6047134399414
Tommy La Stella,242,0.734,64.86308288574219,0.549,49.302242279052734
Travis Shaw,250,0.679,47.741085052490234,0.565,41.221771240234375
Sergio Alcantara,255,0.72,58.28296661376953,0.435,21.98920249938965
Erik Gonzalez,229,0.468,33.33903884887695,0.754,66.54671478271484
Wilmer Difo,240,0.778,77.41969299316406,0.55,52.378807067871094
Kurt Suzuki,247,0.554,43.77618408203125,0.736,57.868350982666016
Anthony Rendon,249,0.744,68.47248077392578,0.641,49.70897674560547
Carter Kieboom,249,0.618,51.52872085571289,0.62,41.35748291015625
Daniel Vogelbach,258,0.788,62.29513168334961,0.37,17.833173751831055
Garrett Cooper,250,0.793,74.675445556640625,0.971,97.53467559814453
Alex Kirilloff,231,0.695,56.591609954833984,0.781,71.1658706665039
Sam Hilliard,238,0.73,55.04374694824219,0.843,62.73875045776367
Jake Fraley,265,0.815,63.45964050292969,0.531,40.95404052734375
Phillip Evans,247,0.585,43.18583297729492,0.671,60.500885009765625
Oscar Mercado,238,0.569,37.442752838134766,0.817,76.362518310546875
Chad Pinder,233,0.55,42.775962829589844,0.884,78.39171600341797
Eloy Jimenez,231,0.795,68.34539794921875,0.575,43.34955596923828
Luke Voit,241,0.77,59.09318542480469,0.755,68.41263580322266
Michael Perez,231,0.502,25.00697135925293,0.545,31.16368865966797
Stephen Vogt,238,0.577,38.541080474853516,0.773,62.75101089477539
Travis d'Arnaud,229,0.631,46.37820816040039,0.832,70.54331970214844
Magneuris Sierra,225,0.566,48.67947769165039,0.49,41.488407135009766
Victor Reyes,220,0.628,57.22681427001953,0.861,86.17720794677734
Taylor Ward,237,0.732,57.866111755371094,0.849,79.960693359375
Willians Astudillo,216,0.616,47.671443939208984,0.662,53.8352165222168
Matt Carpenter,249,0.611,47.83494567871094,0.273,18.76143455505371
Mitch Garver,243,0.983,95.4140853881836,0.737,59.3343620300293
David Dahl,220,0.681,53.822017669677734,0.292,11.888134002685547
Matt Beaty,234,0.75,72.963653564453125,0.909,90.88788604736328
Sandy Leon,220,0.476,25.572643280029297,0.576,45.33881378173828
Curt Casali,231,0.742,61.75205993652344,0.418,22.706119537353516
Nick Gordon,216,0.683,58.42752456665039,0.521,47.193115234375
Austin Barnes,225,0.645,50.93989944458008,0.641,46.342872619628906
Nick Madrigal,215,0.684,77.86975860595703,0.989,107.83761596679687
Bryan De La Cruz,219,0.729,76.5423583984375,0.949,99.95726013183594
Reese McGuire,217,0.7,68.61078643798828,0.464,36.402957916259766
Eli White,220,0.637,42.233341217041016,0.453,31.02549171447754
Zack Collins,231,0.71,60.47195816040039,0.55,43.29972839355469
Jorge Mateo,209,0.673,59.905364990234375,0.664,63.997528076171875
Kyle Higashioka,211,0.558,32.57197952270508,0.791,61.571800231933594
Andrew Stevenson,213,0.627,55.69229507446289,0.662,43.12377166748047
Owen Miller,202,0.566,42.47624969482422,0.532,32.919227600097656
Brent Rooker,213,0.684,46.362525939941406,0.695,55.59209442138672
Andres Gimenez,210,0.648,54.04817581176758,0.57,41.78425979614258
Marcell Ozuna,208,0.658,49.19866180419922,0.604,42.436397552490234
Danny Jansen,205,0.864,73.16157531738281,0.583,46.346336364746094
Mike Moustakas,206,0.731,57.93301773071289,0.329,18.64807891845703
Clint Frazier,218,0.676,50.59675216674805,0.564,47.30419921875
Ehire Adrianza,209,0.744,66.26757049560547,0.685,61.74671173095703
Manny Pina,208,0.638,34.78035354614258,0.854,62.50453186035156
Connor Joe,211,0.814,79.231842041015625,0.941,87.78824615478516
JD Davis,211,0.877,92.40492248535156,0.687,69.97159576416016
Jake Marisnick,198,0.591,40.253196716308594,0.743,67.2925796508789
Mauricio Dubon,187,0.609,54.3463020324707,0.728,56.13063430786133
Luis Rengifo,190,0.566,35.98555374145508,0.532,38.064613342285156
Leody Taveras,185,0.465,20.21216583251953,0.501,27.966733932495117
Aristides Aquino,204,0.659,45.026084899902344,0.761,55.016632080078125
Keston Hiura,197,0.624,43.274471282958984,0.407,27.01454734802246
Austin Nola,194,0.647,55.619300842285156,0.822,95.14930725097656
Stephen Piscotty,188,0.549,35.987056732177734,0.712,61.188995361328125
Eric Sogard,180,0.635,61.23347473144531,0.481,38.8889274597168
Ryan McKenna,197,0.635,50.876792907714844,0.468,30.439922332763672
Jose Rojas,184,0.626,48.379600524902344,0.841,65.0747299194336
Mike Tauchman,191,0.574,41.56138229370117,0.537,35.00945281982422
Kole Calhoun,182,0.778,62.449214935302734,0.334,18.671817779541016
Nomar Mazara,181,0.645,51.98513412475586,0.269,11.478240013122559
Alejandro Kirk,189,0.663,53.0383186340332,0.988,89.48686218261719
Jake Cave,178,0.636,47.38037872314453,0.244,5.749518394470215
Christian Arroyo,181,0.685,56.293975830078125,0.885,88.3395767211914
Danny Mendick,186,0.622,52.861961364746094,0.548,48.550045013427734
William Contreras,185,0.709,53.17007064819336,0.672,46.103858947753906
Jordan Luplow,193,0.893,73.58997344970703,0.69,51.698768615722656
Shogo Akiyama,183,0.508,42.992183685302734,0.667,51.23149490356445
Andrew Knizner,185,0.608,48.652679443359375,0.274,8.291085243225098
Gavin Sheets,179,0.9,76.546356201171875,0.269,23.79277801513672
Zach McKinstry,172,0.676,41.56800079345703,0.65,56.269134521484375
Kevin Plawecki,173,0.69,70.34263610839844,0.794,83.30799865722656
Taylor Trammell,178,0.718,44.16850280761719,0.403,25.412460327148438
Zack Short,184,0.493,24.319419860839844,0.558,38.726219177246094
Miguel Andujar,162,0.72,61.57283020019531,0.591,51.321380615234375
Tomas Nido,161,0.605,48.96260452270508,0.538,36.96323776245117
Taylor Walls,176,0.613,50.757728576660156,0.607,54.12754821777344
Wilson Ramos,163,0.696,44.70942306518555,0.508,31.530481338500977
Josh Reddick,158,0.756,72.46643829345703,0.445,35.94663619995117
Mike Brosseau,169,0.381,13.425576210021973,0.747,55.32033157348633
Jason Castro,179,0.917,75.6065673828125,0.561,48.07213592529297
Nico Hoerner,170,0.8,90.63158416748047,0.641,65.14606475830078
Abraham Almonte,175,0.808,69.12970733642578,0.412,29.040828704833984
Jake Meyers,163,0.676,59.264347076416016,0.899,83.33391571044922
Andrew Knapp,159,0.488,29.33701515197754,0.306,11.604004859924316
Jake Lamb,170,0.704,50.16814422607422,0.519,42.50908279418945
Jason Martin,154,0.732,54.85957717895508,0.216,1.5214334726333618
Yonny Hernandez,166,0.62,54.23750686645508,0.439,26.877437591552734
Jose Peraza,154,0.679,50.31733322143555,0.605,36.798500061035156
Roberto Perez,161,0.484,23.892677307128906,0.699,37.53126907348633
Cal Raleigh,148,0.519,31.268842697143555,0.577,43.88874435424805
Tim Locastro,156,0.431,29.10418701171875,0.666,43.83111572265625
Rob Refsnyder,157,0.581,51.550636291503906,0.784,73.517486572265625
Derek Hill,150,0.632,55.31245040893555,0.792,84.6521224975586
Jarrod Dyson,149,0.563,48.9084587097168,0.493,30.968029022216797
Anthony Alford,148,0.767,69.86296081542969,0.618,39.33836364746094
Luis Guillorme,156,0.716,71.41266632080078,0.589,59.56131362915039
Travis Jankowski,157,0.711,70.07765197753906,0.733,64.2603530883789
Alex Jackson,151,0.562,36.39875411987305,0.286,16.533172607421875
Kyle Lewis,147,0.75,67.63035583496094,0.649,56.11308288574219
Austin Wynns,139,0.495,25.866844177246094,0.643,47.283103942871094
Jo Adell,140,0.669,60.50543212890625,0.767,62.25292205810547
John Nogowski,143,0.588,52.113197326660156,0.659,61.559776306152344
Hoy Park,150,0.55,42.55189514160156,0.995,77.24054718017578
Franchy Cordero,136,0.508,36.79540252685547,0.423,23.6198673248291
Tyler Wade,145,0.652,65.74383544921875,0.732,71.7956314086914
Billy Hamilton,135,0.536,41.258460998535156,0.76,58.32477569580078
Adalberto Mondesi,136,0.675,53.28742218017578,0.831,66.61888885498047
Rio Ruiz,141,0.465,32.81576156616211,0.857,53.00116729736328
Max Schrock,134,0.811,79.39210510253906,0.382,18.68332862854004
Adam Engel,140,0.938,90.07243347167969,0.643,52.47196578979492
Lewin Diaz,128,0.788,60.130104064941406,0.487,25.238279342651367
Ernie Clement,133,0.571,51.85823059082031,0.729,50.491233825683594
Michael Chavis,124,0.547,44.60895538330078,0.804,64.73858642578125
Thairo Estrada,132,0.922,90.87788391113281,0.682,63.12120819091797
Justin Williams,137,0.542,34.37841033935547,0.449,25.721004486083984
Jordy Mercer,127,0.638,55.58964920043945,0.725,67.4611587524414
Mike Trout,146,1.224,123.67742919921875,0.762,74.42268371582031
Cole Tucker,131,0.715,64.29698944091797,0.429,26.373794555664063
Nick Maton,131,0.619,58.494468688964844,0.882,86.52418518066406
Danny Santana,127,0.594,32.77062225341797,0.603,41.33342361450195
Jake Rogers,127,0.736,60.55201721191406,0.909,81.73665618896484
Cam Gallagher,124,0.665,64.0085220336914,0.547,51.43007278442383
Nick Senzel,124,0.618,58.94065856933594,0.739,68.81951141357422
Shed Long,121,0.697,50.39116668701172,0.518,33.65719985961914
Lars Nootbaar,124,0.707,57.61309814453125,0.866,66.361480712890625
Ka'ai Tom,133,0.442,30.032363891601563,0.727,45.05061721801758
Aaron Hicks,126,0.54,38.050689697265625,0.823,63.19534683227539
Jarren Duran,112,0.624,48.9022102355957,0.438,22.11700439453125
Jose Marmolejos,122,0.591,41.669677734375,0.384,17.851640701293945
Robel Garcia,117,0.363,15.262709617614746,0.687,39.29005813598633
Daz Cameron,115,0.687,49.320735931396484,0.558,39.99659729003906
Taylor Jones,108,0.571,38.120826721191406,0.908,88.09568786621094
Khris Davis,114,0.62,42.01930236816406,0.649,51.23969650268555
Edward Olivares,111,0.815,68.09489440917969,0.544,47.30073165893555
JaCoby Jones,105,0.526,26.104887008666992,0.359,16.645950317382813
Riley Adams,120,0.766,68.127105712890625,0.702,62.352508544921875
Kyle Garlick,107,0.55,36.62640380859375,0.878,73.95162200927734
Richie Martin,105,0.53,41.789737701416016,0.593,56.67842102050781
Luke Williams,108,0.461,36.09278106689453,0.744,68.36737823486328
Gerardo Parra,107,0.711,64.11857604980469,0.358,17.585269927978516
Robinson Chirinos,112,0.775,63.333335876464844,0.785,62.17267608642578
Evan White,104,0.483,24.155290603637695,0.343,20.55933952331543
Kevan Smith,106,0.483,31.971588134765625,0.387,18.12445831298828
Seby Zavala,104,0.62,30.372268676757813,0.592,39.21473693847656
Tres Barrera,107,0.512,61.19163131713867,1.495,89.41474151611328
Andrew Young,104,0.563,37.303646087646484,1.029,82.7657699584961
Emmanuel Rivera,98,0.658,64.94910430908203,0.63,62.185874938964844
Alex Avila,111,0.768,67.90635681152344,0.33,17.437471389770508
Ben Rortvedt,98,0.529,31.52853775024414,0.436,17.824148178100586
Aramis Garcia,94,0.572,35.00979995727539,0.511,44.510047912597656
Keibert Ruiz,96,0.736,64.3264389038086,0.757,79.23043060302734
Domingo Leyba,96,0.38,17.61515235900879,0.286,12.888582229614258
Breyvic Valera,97,0.669,60.67329788208008,0.668,65.15910339355469
Jonathan Davis,103,0.414,20.937381744384766,0.439,27.08492660522461
Sam Haggerty,94,0.585,42.049739837646484,0.444,33.11613464355469
Rodolfo Castro,93,0.546,32.642486572265625,0.861,69.41166687011719
Brandon Drury,88,0.71,65.636962890625,0.881,78.906463623046875
Orlando Arcia,89,0.485,35.50246810913086,0.788,58.34564971923828
Jose Rondon,90,0.444,54.57664108276367,1.256,93.9137954711914
Ender Inciarte,89,0.576,46.087310791015625,0.676,48.35175704956055
Patrick Mazeika,87,0.54,36.71214294433594,0.471,36.02365493774414
Pablo Reyes,87,0.628,58.091835021972656,0.763,75.277252197265625
Daniel Johnson,81,0.6,46.58257293701172,1,53.879127502441406
Ildemaro Vargas,83,0.523,29.541698455810547,0.323,16.325820922851563
Kyle Isbel,83,0.751,80.14742279052734,0.885,68.90396881103516
Chance Sisco,83,0.474,31.218671798706055,0.22,8.671277046203613
Yohel Pozo,77,0.648,63.234317779541016,0.767,79.496856689453125
Pablo Sandoval,86,0.653,48.67947006225586,0.542,29.33188819885254
Jason Vosler,82,0.583,39.5732421875,0.847,47.939701080322266
Daniel Robertson,90,0.544,38.30489730834961,0.673,39.7369384765625
Stevie Wilkerson,76,0.397,24.7319393157959,0.667,21.840364456176758
Grayson Greiner,82,0.721,66.23628997802734,0.519,43.58584976196289
Isaac Paredes,85,0.573,38.85115051269531,0.704,58.8110237121582
Matt Vierling,77,0.92,91.09809875488281,0.787,96.20233154296875
Alex Blandino,82,0.598,50.65016555786133,0.499,34.156517028808594
Walker Buehler,82,0.227,4.533984184265137,0.417,16.999740600585938
Drew Ellis,83,0.391,16.037750244140625,0.593,35.32106399536133
Rene Rivera,78,0.525,37.622398376464844,0.839,73.61138916015625
Webster Rivas,77,0.608,44.457759857177734,0.703,64.5105209350586
Zack Wheeler,73,0.25,1.8593244552612305,0.542,40.945838928222656
Jahmai Jones,72,0.395,18.388635635375977,0.414,24.874784469604492
Andrew Velazquez,68,0.651,49.544124603271484,0.49,36.19087219238281
Luke Raley,72,0.689,55.20796585083008,0.059,13.93596076965332
Jonathan Arauz,75,0.63,26.350994110107422,0.637,44.52726745605469
Sheldon Neuse,66,0.958,76.0977783203125,0.242,31.45315170288086
Eddy Alvarez,74,0.693,55.349544525146484,0.48,40.12590026855469
Donovan Walton,69,0.594,42.596099853515625,0.688,40.13027572631836
Cristian Pache,68,0.303,6.433764457702637,0.533,16.30706787109375
Dustin Garneau,68,0.776,54.29412078857422,0.933,65.55611419677734
Mike Ford,72,0.603,40.34843063354492,0.35,19.350683212280273
Kean Wong,66,0.437,26.35779571533203,0.333,11.675162315368652
Will Craig,65,0.587,44.73841857910156,0.551,46.43258285522461
Andrew Romine,64,0.598,42.302589416503906,0.3,17.073192596435547
Chad Wallach,66,0.555,40.8918571472168,0.42,27.6267032623291
Austin Romine,62,0.173,14.090911865234375,1.274,77.89405059814453
Julio Urias,70,0.384,26.874805450439453,0.8,44.296817779541016
Mike Freeman,65,0.429,32.04615783691406,0.517,35.35576248168945
Jake McCarthy,70,0.724,63.03886032104492,0.673,52.22468185424805
Max Scherzer,63,0,2.7851810455322266,0,2.4898173809051514
Gilberto Celestino,62,0.588,26.909446716308594,0.385,21.562410354614258
Sandy Alcantara,64,0.113,6.8848795890808105,0.243,10.837419509887695
Adam Wainwright,74,0.302,3.84226393699646,0.388,17.93228530883789
Skye Bolt,60,0.357,4.98126220703125,0.095,6.918105602264404
Matt Joyce,69,0.436,34.52446746826172,0.649,36.364315032958984
Max Fried,67,0.571,57.81344223022461,0.867,67.28144836425781
Tyler Mahle,66,0.215,6.466461658477783,0.063,12.803202629089355
Charlie Morton,62,0.29,3.662890672683716,0.235,0.23523087799549103
Wade Miley,59,0.572,46.842247009277344,0,1.2455302476882935
Kevin Gausman,62,0.416,25.739442825317383,0.358,15.954521179199219
German Marquez,60,0.674,65.44017028808594,0.7,63.14242172241211
Renato Nunez,55,0.716,43.04132080078125,0.582,42.139564514160156
Yu Darvish,55,0.314,4.588686943054199,0,5.439591407775879
Patrick Corbin,63,0.269,5.173065185546875,0.399,20.63094711303711
Brandon Woodruff,58,0.259,3.582240104675293,0.35,20.50385093688965
Corbin Burnes,59,0.346,12.194967269897461,0.369,16.36827278137207
Kyle Hendricks,61,0.361,8.773600578308105,0.118,2.8544013500213623
Roman Quinn,62,0.873,71.02409362792969,0.294,18.860939025878906
Rafael Marchan,56,0.457,40.670711517333984,0.855,64.7422866821289
Albert Almora,54,0.258,1.0103847980499268,0.408,20.159482955932617
Johneshwy Fargas,54,0.714,64.39644622802734,0.565,54.94223403930664
Brian O'Grady,61,0.661,42.02901840209961,0,0.9910781383514404
Edwin Rios,60,0.45,28.659669876098633,0,12.421455383300781
Marcus Stroman,58,0.331,9.280952453613281,0.235,1.5729893445968628
Anthony DeSclafani,62,0.199,3.9794042110443115,0.105,11.15097713470459
Joe Musgrove,57,0.325,2.9104292392730713,0.333,12.068375587463379
Jose Barrero,56,0.624,50.574424743652344,0.579,51.828330993652344
Henry Ramos,55,0.368,20.7993106842041,0.755,59.06143569946289
Luis Castillo,59,0.431,19.06243896484375,0.2,6.322870254516602
Aaron Nola,63,0.51,29.01030731201172,0.192,12.668914794921875
Jon Lester,51,0.446,22.77709197998047,0.539,31.053842544555664
Jon Gray,50,0.25,1.5369409322738647,0,6.335887432098389
Taijuan Walker,51,0.315,7.748072624206543,0,5.889814853668213
Merrill Kelly,58,0.339,10.796860694885254,0,4.115046977996826
Delino DeShields,58,0.974,88.88972473144531,0.606,55.307796478271484
Logan Webb,53,0.522,25.85894203186035,0.111,8.58220100402832
Jose Siri,49,0.893,87.40137481689453,1.079,110.1612548828125
Alan Trejo,50,0.617,43.77484130859375,0.528,44.16731262207031
Curtis Terry,48,0.372,12.251775741577148,0.118,9.397116661071777
Tucupita Marcano,50,0.456,34.823429107666016,0.586,37.8365478515625
Alfonso Rivas,49,0.851,99.712890625,0.65,62.32249069213867
Trevor Rogers,46,0.121,0.8316345810890198,0.282,14.684024810791016
Freddy Peralta,45,0.158,0.7650617361068726,0.333,16.790847778320312
Chris Owings,50,0.795,81.36188507080078,1.432,147.88348388671875
Adrian Houser,46,0.098,2.8885090351104736,0.898,42.2662467956543
Wyatt Mathisen,51,0.561,34.53634262084961,0.296,20.860239028930664
Jose Devers,46,0.622,62.576236724853516,0.619,29.00956153869629
Dustin Fowler,46,0.462,31.195451736450195,0.286,13.079742431640625
Sonny Gray,43,0.286,6.378965377807617,0.368,16.372314453125
Drew Smyly,43,0.148,0.42858102917671204,0.143,6.474305152893066
Sebastian Rivero,44,0.435,30.553369522094727,0.611,23.76697540283203
Jared Oliva,43,0.345,15.23408031463623,0.646,50.863792419433594
Jacob Nottingham,45,0.274,10.281986236572266,0.973,54.43489074707031
Madison Bumgarner,52,0.474,32.53476333618164,0.182,18.03045082092285
Antonio Senzatela,51,0.133,2.04658842086792,0,4.879482746124268
Tyler Anderson,40,0.355,7.6651763916015625,0.111,11.867135047912598
Alex Wood,47,0.098,11.568846702575684,0.5,19.9787654876709
JT Brubaker,43,0.287,14.497234344482422,0.154,5.639403820037842
Jake Burger,42,1.009,102.97888946533203,0.322,31.77370834350586
Nick Martini,45,0.681,73.7755355834961,0.486,35.8135986328125
Jose Godoy,40,0.462,28.3525447845459,0,0.37721771001815796
Greg Allen,48,0.636,71.68340301513672,1.367,101.96629333496094
Ian Anderson,41,0.167,1.3971374034881592,0.125,12.797325134277344
Colton Welker,40,0.549,43.4826774597168,0.298,16.90278434753418
Matt Adams,40,0.441,33.14828872680664,0.4,24.242063522338867
Clayton Kershaw,39,0.508,40.760501861572266,0.286,15.355659484863281
Erick Fedde,43,0.046,3.5788841247558594,0,3.6599419116973877
Chris Gittens,44,0.25,17.782564163208008,0.691,43.38764190673828
Michael Hermosillo,38,0.628,26.52126693725586,0.905,54.99849319458008
Josh Palacios,42,0.445,46.50055694580078,0.8,49.78893280029297
Chris Paddack,42,0.069,6.240853309631348,0.25,6.61595344543457
Wil Crowe,41,0.268,6.393275737762451,0,10.317183494567871
Nick Heath,39,0.489,33.5855712890625,0.111,10.284963607788086
Todd Frazier,40,0.212,13.094414710998535,0.614,40.0483512878418
Adrian Sanchez,38,0.692,72.54595947265625,0.425,25.66272735595703
Luis Campusano,38,0.297,13.270845413208008,0,2.892115354537964
Zach Davies,44,0.357,16.556978225708008,0.333,12.461633682250977
Garrett Stubbs,38,0.457,29.841793060302734,0.452,23.324859619140625
Jay Bruce,39,0.427,23.649227142333984,0.536,28.55113983154297
Scott Schebler,34,0.542,31.098581314086914,0,8.321003913879395
Blake Snell,37,0.4,16.911556243896484,0.105,5.170093059539795
Vladimir Gutierrez,42,0.171,6.442010879516602,0.364,19.666887283325195
Mickey Moniak,37,0.454,22.125207901000977,0,2.168598175048828
Kyle Freeland,40,0.481,29.12912940979004,0.311,9.740817070007324
Mason Williams,37,0.632,54.55739212036133,0.619,31.3841552734375
Jacob deGrom,33,0.682,91.5379867553711,0.909,79.13079071044922
Pablo Lopez,35,0.158,0.3394836187362671,0.214,17.197086334228516
Steven Souza,36,0.289,17.946481704711914,0.778,58.43535614013672
Joe Ross,39,0.641,54.373966217041016,0.143,17.589630126953125
Drew Butera,36,0.151,0.5714653730392456,0.5,15.810966491699219
Alec Mills,36,0.115,1.1604275703430176,0,2.3006227016448975
Huascar Ynoa,32,0.679,44.510921478271484,0.5,37.77093505859375
Vimael Machin,37,0.212,5.751055717468262,0.586,38.69224548339844
Zac Gallen,42,0.35,13.490384101867676,0.641,51.42744064331055
Romy Gonzalez,33,0.399,40.71674728393555,1.1,72.77301788330078
Austin Gomber,42,0,2.876657724380493,0.423,18.175683975219727
Kevin Smith,36,0.133,9.331476211547852,0.554,34.189414978027344
TJ Friedl,36,0.767,83.765411376953125,0.833,75.62718200683594
Bryan Holaday,34,0.596,46.980587005615234,0,10.899782180786133
Geraldo Perdomo,37,0.792,79.74615478515625,0.819,69.67952728271484
Chi Chi Gonzalez,34,0.426,24.39545440673828,0.25,1.845395803451538
Adbert Alzolay,33,0.139,4.18703556060791,0.3,15.921688079833984
Nick Fortes,34,1.171,112.14476776123047,0.808,66.12284088134766
John Hicks,31,1,84.9364013671875,0.833,59.967987060546875
Luke Maile,34,0.657,77.89872741699219,1.8,100.22996520996094
Greg Deichmann,31,0.188,15.438566207885742,1,36.23271179199219
Paolo Espino,33,0.444,27.1413631439209,0.167,3.0560250282287598
Trevor Bauer,34,0,2.2569758892059326,0.17,8.89260482788086
Austin Dean,38,0.917,68.30821228027344,0.626,64.2573013305664
Scott Heineman,34,0.167,10.581698417663574,0.574,58.993919372558594
Johnny Cueto,37,0.206,11.578125,0.258,16.97461700439453
Zach Eflin,37,0.1,8.661046981811523,0,12.265325546264648
Kyle Gibson,30,0.429,20.991539001464844,0.25,1.2178072929382324
Brett Anderson,34,0.143,10.644627571105957,0,6.510928153991699
Cameron Maybin,33,0.238,20.10514259338379,0.143,12.394125938415527
Mitch Keller,32,0.186,8.472380638122559,0.5,26.490703582763672
Ryan Lavarnway,30,0.571,53.3690299987793,0.804,69.36077880859375
Trayce Thompson,35,0.489,35.26984405517578,1.819,102.32513427734375
Tylor Megill,31,0.571,32.6861457824707,0.552,42.787010192871094
Anthony Bemboom,28,0.348,27.155670166015625,1.1,60.684226989746094
Ryan Weathers,28,0.19,22.417573928833008,1.262,55.94175338745117
Eric Lauer,37,0.583,40.765655517578125,0.286,17.48112678527832
Kwang Hyun Kim,29,0.372,17.57933807373047,0,7.177924633026123
Taylor Motter,29,0.574,44.3087158203125,0.593,52.59967041015625
Jake Hager,30,0.432,23.054122924804688,0.289,24.322689056396484
Vidal Brujan,26,0.222,0.23936805129051208,0.118,7.769773483276367
Trevor Williams,28,0.444,33.07000732421875,0.393,18.55547523498535
Tony Wolters,30,0.51,42.792076110839844,0.125,9.853776931762695
Carlos Martinez,25,0.25,1.8194026947021484,0,3.953883171081543
Rich Hill,26,0.316,14.207581520080566,0,1.1492396593093872
Vince Velasquez,30,0.311,16.08770751953125,0,3.7051751613616943
Travis Blankenhorn,24,0.656,34.43052673339844,0,0.43499505519866943
PJ Higgins,25,0.145,8.081040382385254,0.25,17.762075424194336
Jake Arrieta,30,0.494,30.049768447875977,0.111,13.928561210632324
Alejo Lopez,23,0.444,34.1983528137207,0.571,54.752925872802734
Josiah Gray,24,0.161,4.463753700256348,0,6.942925453186035
Mark Payton,24,0.311,25.336624145507813,1,30.25067710876465
Caleb Smith,25,0.217,8.820915222167969,0.6,31.2265625
Chad Kuhl,24,0.145,3.0707337856292725,0,2.4523439407348633
Adam Haseley,21,0.467,30.088722229003906,0.333,13.409619331359863
Bryse Wilson,25,0.22,9.592251777648926,0,14.967997550964355
Ryan LaMarre,24,0.905,57.081600189208984,0.695,59.942630767822266
Rob Brantly,21,0.458,28.3824520111084,0,5.741584300994873
Estevan Florial,25,1.233,115.22164154052734,0.286,47.25962448120117
Johan Oviedo,22,0.494,33.91504669189453,0,4.44856595993042
Dexter Fowler,21,0.45,54.2676887512207,0.8,66.292694091796875
Jacob Wilson,21,0.856,64.6498031616211,0.182,13.309739112854004
Luke Weaver,22,0.269,6.179815292358398,0,0.9312453866004944
Jonathan Lucroy,23,0.875,93.45753479003906,0.697,79.3977279663086
Matt Moore,20,0,2.023643732070923,0,3.360280752182007
Hernan Perez,21,0,2.0095157623291016,0.298,26.900146484375
Scott Kingery,19,0,-0.9969290494918823,0.143,3.318101644515991
Jake Woodford,20,0.235,1.1433770656585693,0,-0.3039552569389343
Khalil Lee,18,0.214,1.3980249166488647,0,5.003756999969482
Troy Stokes,20,0.357,16.31569480895996,0.333,16.09123992919922
Chadwick Tromp,18,0.692,48.78818130493164,0.4,26.421445846557617
Jack Flaherty,26,0.371,46.22624969482422,1.667,8.926393508911133
Tony Gonsolin,19,0.641,52.53965759277344,0,10.590676307678223
Ranger Suarez,23,0.58,42.73796463012695,0.6,49.40678405761719
David Peterson,20,0.297,8.062225341796875,0,10.63409423828125
Anderson Tejeda,17,0.205,3.6105966567993164,0,2.5756783485412598
Taylor Widener,18,0.205,4.766745090484619,0,4.21649694442749
Johan Camargo,18,0.143,11.595020294189453,0,7.886112689971924
Ronald Guzman,17,0.357,12.258316040039063,0.333,27.5141544342041
Deven Marrero,19,0.93,63.88031768798828,0.167,43.62561798095703
Max Moroff,16,0.154,2.127883195877075,0,3.0793254375457764
Riley Smith,17,0,2.1040003299713135,0,3.54313588142395
Matt Peacock,17,0.667,71.38496398925781,0.473,48.05275344848633
Jesus Luzardo,20,0.2,23.712942123413086,0.25,25.06438636779785
Carlos Carrasco,19,0,3.252379894256592,0,2.474515199661255
David Price,18,0.564,57.117431640625,0.667,52.05018615722656
Jeff Hoffman,16,0.154,15.37539291381836,1,24.937957763671875
Mitch White,16,0.077,3.8246288299560547,0,3.1328611373901367
Zach Thompson,18,0,19.918209075927734,1.25,47.932376861572266
Payton Henry,16,0.633,51.1837043762207,0.667,63.75960159301758
Touki Toussaint,18,0.1,7.287810325622559,0.143,21.99323081970215
Stuart Fairchild,17,0,2.9036407470703125,0.633,53.052608489990234
Elieser Hernandez,18,0,5.467967987060547,0.667,31.24248504638672
Tyler Nevin,18,0.384,52.412322998046875,2.314,92.62455749511719
Jon Jay,14,0.8,101.36543273925781,0.5,52.54927444458008
JA Happ,15,0,3.493809461593628,0.091,6.918938159942627
John Gant,18,0,3.1602823734283447,0,3.5428290367126465
Jack Lopez,16,0.614,38.17291259765625,0,1.1671899557113647
Justin Steele,13,0.364,17.237445831298828,0,-0.35341694951057434
Trent Giambrone,13,0,17.201263427734375,0.8,62.75819778442383
Connor Wong,14,1.357,115.25666809082031,0.333,43.406009674072266
Kevin Padlo,15,0.25,29.771028518676758,0.382,33.24349594116211
Max Kranick,14,0,1.2806364297866821,0,1.3212722539901733
Chase De Jong,15,0.333,4.054405689239502,0,5.429651737213135
Josh Rogers,14,0,4.090174198150635,0.125,10.77751350402832
Chase Anderson,14,0,1.0352822542190552,0,-0.14930202066898346
Wade LeBlanc,13,0,0.5482520461082458,0,-0.22543776035308838
Jose Lobaton,13,0.182,13.977835655212402,0,4.527892589569092
Nick Neidert,12,0.091,3.4382376670837402,0,2.5293807983398437
Wilfredo Tovar,12,0.473,25.57406234741211,0,1.0702881813049316
Eric Campbell,12,0.819,74.41191101074219,0,40.000980377197266
Pete Kozma,12,0.347,15.46383285522461,0,2.439990758895874
Braxton Garrett,11,0.25,6.130746841430664,0.667,29.673782348632812
Brian Miller,11,0.286,23.706512451171875,1,61.216285705566406
Yairo Munoz,11,0.4,23.18533706665039,0,4.028553009033203
Andy Burns,15,1.25,89.83734893798828,0.697,57.30232620239258
Jorge Bonifacio,12,0,7.173803806304932,0.347,30.556882858276367
Joey Lucchesi,11,0.1,3.982834577560425,0,3.4576172828674316
Cody Poteet,11,0.222,0.9914763569831848,0,2.078843355178833
Sammy Long,11,0.25,0.4802109897136688,0,-0.3328445851802826
Nabil Crismatt,11,0,1.8160423040390015,0,2.5512635707855225
Jordan Holloway,10,0.25,1.0099858045578003,0,-0.16559554636478424
Tim Lopes,11,0.393,19.447423934936523,0,1.5813589096069336
Zach Reks,10,0,1.248754858970642,0,3.468939781188965
Aaron Sanchez,10,0,1.4359692335128784,0,3.4290921688079834
Monte Harrison,11,0.667,51.91556930541992,0.429,24.238067626953125
Tyler Gilbert,11,0,1.2649255990982056,0,2.526029109954834
Trevor Cahill,9,0.286,8.254364967346191,0,0.8989937901496887
Jeff Mathis,9,0,1.1627541780471802,0,4.371250629425049
Oneil Cruz,9,1.8,111.88479614257812,0,85.622161865234375
Dillon Thomas,9,0,-0.405379056930542,0.5,44.90217208862305
Seth Beer,10,1.75,124.66895294189453,1.1,119.6539306640625
Jaylin Davis,9,1,41.58209228515625,0,36.43696212768555
Miles Mikolas,15,0.125,6.1064043045043945,0,7.100496768951416
Luis Gonzalez,11,1.016,93.96014404296875,0.5,51.00726318359375
Luis Barrera,8,0.571,43.52283477783203,0,9.497841835021973
Erick Castillo,9,0.452,55.266544342041016,1,48.21205139160156
Derek Fisher,8,0.857,59.68828201293945,0,24.090181350708008
Austin Allen,8,1.4,125.5389404296875,0,79.675201416015625
Reiss Knehr,8,0,1.1757237911224365,0,4.681735038757324
Ryan McBroom,9,0.65,46.33943557739258,0.5,39.23591232299805
Humberto Mejia,8,0.5,26.498214721679688,0,1.5018938779830933
Tony Santillan,8,0.5,26.498214721679688,0,1.5018938779830933
Edward Cabrera,7,0.6,32.81303024291992,0,2.0283279418945312
Mike Minor,7,0,0.46266359090805054,0,3.857304573059082
Adrian Sampson,11,0,6.844915390014648,0,6.396907806396484
Matt Thaiss,8,0,21.385807037353516,1.167,50.196224212646484
Steven Brault,8,0.6,32.798160552978516,0,1.911244511604309
Spencer Howard,7,1,105.47111511230469,0,82.82587432861328
Dinelson Lamet,7,0.167,12.974798202514648,0,9.18226146697998
John Andreoli,7,0.9,59.432987213134766,0,39.180572509765625
Ashton Goudeau,6,0.4,21.088136672973633,0,10.031718254089355
JT Riddle,6,0.4,46.72211837768555,2,59.388118743896484
Reiver Sanmartin,6,0,1.7328072786331177,0,2.5900659561157227
Keegan Thompson,8,0.4,20.221738815307617,0,3.1832664012908936
Shane Bieber,6,0,0.9336244463920593,0,0.7603120803833008
Humberto Castellanos,7,1.583,78.23035430908203,1.333,97.82897186279297
Tucker Davidson,6,0,2.078355550765991,0,1.1755712032318115
Luis Marte,7,0.5,44.32810592651367,0.333,34.362892150878906
Cody Ponce,7,0,2.151488780975342,0,3.4622769355773926
Joey Bart,6,0,42.68956756591797,1.333,49.945335388183594
Ryan Dorow,7,0,13.190821647644043,0.25,34.10851287841797
Alex De Goti,7,0.5,58.72733688354492,0.8,65.42897033691406
Eduardo Rodriguez,6,0,-1.4341236352920532,0,1.346616268157959
Stephen Strasburg,7,0.9,58.78644943237305,0,36.25990676879883
Craig Stammen,7,0.5,35.50436782836914,0,11.929243087768555
Robert Gsellman,6,0,20.633798599243164,0.5,29.531349182128906
Matt Harvey,6,0,1.4395310878753662,0,-0.627447247505188
Scott Hurst,5,0,0.3292692005634308,0,-0.7526269555091858
Sean Nolin,6,0,5.282331466674805,0,0.6034361124038696
Ross Stripling,6,0,4.885526180267334,0,-0.8577219247817993
Edwin Uceta,5,0.5,37.50916290283203,0,8.414491653442383
Kris Bubic,5,0,2.03747296333313,0,-0.2653648257255554
Cole Irvin,7,0,11.239630699157715,0.667,35.748443603515625
John Means,5,1,42.19034194946289,0,33.722381591796875
Daniel Ponce de Leon,5,0,4.01820707321167,0,1.54804527759552
John Curtiss,5,0,2.396350860595703,0,1.406463384628296
Bailey Falter,5,0,2.151717185974121,0,2.1147620677948
Brad Keller,7,0,-1.1013566255569458,0,1.4439042806625366
Dillon Peters,8,NA,26.123170852661133,0,20.54528045654297
Garrett Richards,5,1.5,69.20418548583984,0,55.04833221435547
Paul Campbell,5,0,3.886221408843994,0,1.9325138330459595
Braden Bishop,5,0,28.835285186767578,1,30.995635986328125
Dylan Bundy,4,0.667,32.54070281982422,0,12.50889778137207
Taylor Gushue,4,0,4.301568031311035,0,-0.41242605447769165
Patrick Kivlehan,8,NA,34.492530822753906,0.45,35.66033935546875
Sean Manaea,5,1.667,90.067626953125,0,81.66248321533203
Robbie Ray,5,0,2.0046770572662354,0,-0.4138512909412384
Ali Sanchez,4,1,66.10234069824219,3,82.50959777832031
Patrick Sandoval,4,0.667,43.2646598815918,0,11.742131233215332
Duane Underwood,4,0,5.17438268661499,0,-0.08103693276643753
Lucas Giolito,4,0,30.956462860107422,1,21.026866912841797
Frankie Montas,4,0,0.5617850422859192,0,-0.8573706150054932
Hyun Jin Ryu,4,0,2.377671241760254,0,-0.8072400093078613
Robert Stock,4,0,0.8256977796554565,0,-0.8573706150054932
Brent Suter,4,0,1.4693516492843628,0,-1.7615783214569092
Jose Urquidy,4,1,23.89780616760254,0,50.564205169677734
David Hess,4,0,1.6914172172546387,0,0.6623988747596741
Corbin Martin,4,0,12.423920631408691,0.667,25.215354919433594
Drew Rasmussen,4,0,11.27246379852295,0.667,28.382692337036133
Alex Young,4,0,1.7761056423187256,0,1.336217999458313
Matthew Boyd,5,1.167,80.7420883178711,0,58.14524459838867
Dakota Hudson,4,0.667,44.677528381347656,NA,29.29300308227539
Josh Tomlin,5,1.167,52.77558898925781,0,57.616241455078125
Cory Abbott,3,1,27.91878318786621,0,51.85301208496094
Tejay Antone,5,0,23.32723045349121,0.5,28.168886184692383
Humberto Arteaga,4,0,2.2768092155456543,0,-0.7634548544883728
Phil Bickford,3,1,26.569087982177734,0,51.79316711425781
Ivan Castillo,4,0.5,66.27839660644531,1,46.897640228271484
Jesse Chavez,3,0,1.3551386594772339,0,-1.1830778121948242
Ross Detwiler,3,1,26.569087982177734,0,51.79316711425781
Justin Dunn,3,1.5,67.75426483154297,0,57.30598831176758
Andrew Heaney,4,0,47.776729583740234,2,26.303482055664063
Jared Hoying,3,0,-0.1629864126443863,0,-0.31810620427131653
Scott Kazmir,4,0,0.8372410535812378,0,-0.9166431427001953
Joe Kelly,3,0,1.44499933719635,0,-0.2679755985736847
Jimmy Nelson,3,0,1.3551386594772339,0,-1.1830778121948242
Alex Vesia,4,0,22.40654182434082,0.5,26.848859786987305
Yency Almonte,3,0,1.9421541690826416,0,0.048081398010253906
Miguel Diaz,3,0,-0.6288007497787476,0,-0.24828508496284485
Jake Faria,3,0,40.902584075927734,1.5,42.6038703918457
Chris Flexen,3,0,1.2963106632232666,0,-0.20346856117248535
Griffin Jax,3,0,0.3784693777561188,0,-0.002049289643764496
Evan Phillips,3,0,0.12626715004444122,0,-0.002049289643764496
Nathan Eovaldi,3,0.5,36.38490295410156,0,16.672283172607422
Austin Voth,3,0.5,80.93537902832031,2,41.52381134033203
Joan Adon,2,0,0.8127068877220154,0,10.575196266174316
Caleb Baragar,2,0,0.8127068877220154,0,10.575196266174316
Anthony Bender,2,0,-0.061309345066547394,0,10.299470901489258
Rex Brothers,2,0,0.8127068877220154,0,10.575196266174316
Jon Duplantier,3,0,19.57375717163086,0.5,28.511337280273437
Carson Fulmer,2,0,1.5466760396957397,0,10.308374404907227
Jarlin Garcia,2,0,0.8127068877220154,0,10.575196266174316
Domingo German,3,0,0.48041465878486633,0,0.019893445074558258
Sean Kazmar,2,0,3.1065313816070557,0,10.128613471984863
Peter Lambert,2,0,2.4206931591033936,0,10.584099769592285
Tommy Nance,2,0,2.4206931591033936,0,10.584099769592285
Joseph Odom,2,0,2.4206931591033936,0,10.584099769592285
Emilio Pagan,2,0,-0.061309345066547394,0,10.299470901489258
Tyler Payne,2,0,0.8127068877220154,0,10.575196266174316
Colin Rea,2,0,0.8127068877220154,0,10.575196266174316
Sal Romano,2,0,-0.061309345066547394,0,10.299470901489258
Lucas Sims,2,0,2.4206931591033936,0,10.584099769592285
Tarik Skubal,3,NA,2.055643081665039,0,-0.01119098998606205
Chris Stratton,2,0,0.8127068877220154,0,10.575196266174316
Hunter Strickland,2,0,-0.061309345066547394,0,10.299470901489258
Ryne Harper,2,NA,2.4322361946105957,0,10.524827003479004
Sean Newcomb,2,0,-0.061309345066547394,NA,10.304762840270996
Jose Quintana,2,2,69.24488067626953,NA,70.158355712890625
Corey Oswalt,2,NA,1.5686274766921997,NA,10.254395484924316
Sean Reid-Foley,2,NA,41.279823303222656,NA,44.547359466552734
Kyle Muller,NA,0.258,9.551628112792969,NA,12.034332275390625
Nick Williams,NA,0.231,24.554176330566406,NA,25.19325065612793
Dylan Cease,NA,0.875,85.698760986328125,NA,46.066566467285156
Jerad Eickhoff,NA,0.8,76.59894561767578,NA,58.53050994873047
Jhoulys Chacin,NA,0,0.8796253800392151,NA,10.582184791564941
Jacob Robson,NA,0,1.4483377933502197,NA,12.046931266784668
Nick Ciuffo,NA,0.733,53.7255859375,NA,16.7474308013916
Ronnie Dawson,NA,0.533,35.19709777832031,NA,14.524349212646484
Luis Garcia,NA,0,0.35074275732040405,NA,78.28095245361328
Luis Garcia,NA,0,0.35074275732040405,NA,10.580330848693848
Jordan Lyles,NA,0,1.3965449333190918,NA,12.041081428527832
Jose Alvarez,NA,0.5,40.179405212402344,NA,27.789854049682617
Daniel Castano,NA,0,0.8013566732406616,NA,11.273841857910156
Jose De Leon,NA,0.5,37.26288986206055,NA,21.391324996948242
Lance Lynn,NA,0.4,22.780851364135742,NA,20.24012565612793
Hunter Owen,NA,0.2,16.663890838623047,NA,24.053131103515625
Aaron Ashby,NA,0.333,34.99842834472656,NA,15.042804718017578
Jose Berrios,NA,0,6.02907133102417,NA,9.850512504577637
Dane Dunning,NA,0.667,60.181800842285156,NA,23.379878997802734
Seth Frankoff,NA,0.25,30.17530632019043,NA,11.986263275146484
Marco Gonzales,NA,0,1.0375282764434814,NA,10.13415813446045
Carlos Hernandez,NA,0,1.6933164596557617,NA,11.601678848266602
James Kaprielian,NA,0.667,49.67801284790039,NA,24.30489158630371
Zack Littell,NA,0.5,29.713125228881836,NA,21.267868041992187
Kenta Maeda,NA,0.667,60.181800842285156,NA,23.379878997802734
Dustin May,NA,0,4.993750095367432,NA,11.5548734664917
Lance McCullers,NA,0,1.5880658626556396,NA,11.63243579864502
Jordan Montgomery,NA,0,1.6933164596557617,NA,11.601678848266602
Framber Valdez,NA,0,1.0375282764434814,NA,10.13415813446045
Ryan Yarbrough,NA,0,1.0375282764434814,NA,10.13415813446045
Daniel Camarena,NA,1.667,61.72888946533203,NA,44.753761291503906
Taylor Clarke,NA,0.667,33.39253616333008,NA,23.869016647338867
Garrett Cleavinger,NA,1.5,81.47877502441406,NA,71.02997589111328
Casey Mize,NA,0.333,33.369869232177734,NA,15.98167896270752
Shawn Morimando,NA,0,1.2499988079071045,NA,10.186814308166504
Martin Perez,NA,0,3.822425127029419,NA,11.774211883544922
Michael Pineda,NA,0,4.371546745300293,NA,10.044886589050293
Nick Ramirez,NA,0,2.6365153789520264,NA,10.259842872619629
Corey Ray,NA,0.333,32.77885437011719,NA,15.246471405029297
Carlos Rodon,NA,0,2.6365153789520264,NA,10.259842872619629
Kohl Stewart,NA,0.667,44.06991958618164,NA,22.94367218017578
Michael Wacha,NA,0,3.822425127029419,NA,11.774211883544922
Kyle Wright,NA,1,42.29218673706055,NA,45.76108169555664
Miguel Yajure,NA,0,3.822425127029419,NA,11.774211883544922
Keegan Akin,NA,0,0.561683714389801,NA,10.273032188415527
Tyler Alexander,NA,0,-0.061309345066547394,NA,10.246085166931152
Kolby Allard,NA,0,-0.061309345066547394,NA,10.246085166931152
Kohei Arihara,NA,0,-0.061309345066547394,NA,10.246085166931152
Adam Cimber,NA,0,-0.061309345066547394,NA,10.246085166931152
Aaron Civale,NA,0.5,36.38490295410156,NA,27.0159854888916
Sam Clay,NA,0,-0.061309345066547394,NA,10.246085166931152
Reid Detmers,NA,0.5,36.38490295410156,NA,27.0159854888916
Seth Elledge,NA,0,1.5466760396957397,NA,10.254988670349121
Tyler Glasnow,NA,0,0.561683714389801,NA,10.273032188415527
Brusdar Graterol,NA,0,1.5466760396957397,NA,10.254988670349121
Junior Guerra,NA,0,-0.061309345066547394,NA,10.246085166931152
Jandel Gustave,NA,0,0.561683714389801,NA,10.273032188415527
Dallas Keuchel,NA,0,-0.061309345066547394,NA,10.246085166931152
Yusei Kikuchi,NA,0,0.561683714389801,NA,10.273032188415527
Corey Kluber,NA,0,-0.061309345066547394,NA,10.246085166931152
Corey Knebel,NA,0,1.5466760396957397,NA,10.254988670349121
Jorge Lopez,NA,0,-0.061309345066547394,NA,10.246085166931152
Josh Lowe,NA,2,65.442047119140625,NA,67.89176940917969
Steven Matz,NA,0,-0.061309345066547394,NA,10.246085166931152
Triston McKenzie,NA,1,31.50864028930664,NA,56.81068420410156
Hoby Milner,NA,0.5,36.38490295410156,NA,27.0159854888916
Eli Morgan,NA,0,0.561683714389801,NA,10.273032188415527
Daniel Norris,NA,0,1.5466760396957397,NA,10.254988670349121
Bailey Ober,NA,1,31.50864028930664,NA,56.81068420410156
Cionel Perez,NA,0,1.5466760396957397,NA,10.254988670349121
Nick Pivetta,NA,0,0.561683714389801,NA,10.273032188415527
Cal Quantrill,NA,1,31.50864028930664,NA,56.81068420410156
Jakson Reetz,NA,1.5,71.589263916015625,NA,61.65274429321289
Joe Ryan,NA,0,0.561683714389801,NA,10.273032188415527
Kyle Ryan,NA,0,1.5466760396957397,NA,10.254988670349121
Dennis Santana,NA,0,0.561683714389801,NA,10.273032188415527
Clarke Schmidt,NA,0.5,36.38490295410156,NA,27.0159854888916
Spencer Strider,NA,0,-0.039358124136924744,NA,10.186814308166504
Jameson Taillon,NA,0.5,36.6879997253418,NA,27.142412185668945
Jacob Webb,NA,0,0.561683714389801,NA,10.273032188415527
Garrett Whitlock,NA,1,27.84507942199707,NA,60.97689437866211
Jordan Yamamoto,NA,1,27.84507942199707,NA,60.97689437866211
RJ Alaniz,NA,0,-0.061309345066547394,NA,10.299470901489258
Logan Allen,NA,0,-0.061309345066547394,NA,10.299470901489258
Pedro Avila,NA,0,-0.061309345066547394,NA,10.299470901489258
Anthony Banda,NA,0,1.5466760396957397,NA,10.308374404907227
Daniel Bard,NA,2,67.09239959716797,NA,68.44661712646484
Charlie Barnes,NA,0,-0.061309345066547394,NA,10.299470901489258
Archie Bradley,NA,0,-0.061309345066547394,NA,10.299470901489258
John Brebbia,NA,0,-0.061309345066547394,NA,10.299470901489258
Jake Brentz,NA,NA,30.17789077758789,NA,27.669757843017578
Justin Bruihl,NA,NA,30.17789077758789,NA,27.669757843017578
Griffin Canning,NA,NA,1.5686274766921997,NA,10.249103546142578
Tyler Chatwood,NA,0,-0.061309345066547394,NA,10.299470901489258
Nestor Cortes,NA,0,1.5466760396957397,NA,10.308374404907227
Danny Coulombe,NA,0,-0.061309345066547394,NA,10.299470901489258
Austin Davis,NA,NA,30.17789077758789,NA,27.669757843017578
Yennsy Diaz,NA,0,-0.061309345066547394,NA,10.299470901489258
Jake Diekman,NA,0,-0.061309345066547394,NA,10.299470901489258
Thomas Eshelman,NA,0,1.5466760396957397,NA,10.308374404907227
Ryan Feltner,NA,0,-0.061309345066547394,NA,10.299470901489258
Rony Garcia,NA,0,-0.061309345066547394,NA,10.299470901489258
Zack Godley,NA,NA,1.5686274766921997,NA,10.249103546142578
JD Hammer,NA,0,-0.061309345066547394,NA,10.299470901489258
Ryan Hendrix,NA,0,1.5466760396957397,NA,10.308374404907227
Sam Hentges,NA,0,-0.061309345066547394,NA,10.299470901489258
Clay Holmes,NA,0,-0.061309345066547394,NA,10.299470901489258
Tanner Houck,NA,0,-0.061309345066547394,NA,10.299470901489258
Drew Hutchison,NA,0,1.5466760396957397,NA,10.308374404907227
Jay Jackson,NA,0,1.5466760396957397,NA,10.308374404907227
Kenley Jansen,NA,0,-0.061309345066547394,NA,10.299470901489258
Nate Jones,NA,0,1.5466760396957397,NA,10.308374404907227
Craig Kimbrel,NA,0,-0.061309345066547394,NA,10.299470901489258
John King,NA,0,1.5466760396957397,NA,10.308374404907227
Michael Kopech,NA,0,1.5466760396957397,NA,10.308374404907227
Josh Lindblom,NA,0,-0.061309345066547394,NA,10.299470901489258
Otto Lopez,NA,0,-0.061309345066547394,NA,10.299470901489258
Seth Lugo,NA,0,1.5466760396957397,NA,10.308374404907227
Matt Manning,NA,0,-0.061309345066547394,NA,10.299470901489258
Alek Manoah,NA,0,-0.061309345066547394,NA,10.299470901489258
Phil Maton,NA,0,1.5466760396957397,NA,10.308374404907227
Nick Mears,NA,0,-0.061309345066547394,NA,10.299470901489258
Adonis Medina,NA,0,-0.061309345066547394,NA,10.299470901489258
JC Mejia,NA,0,-0.061309345066547394,NA,10.299470901489258
Mark Melancon,NA,NA,1.5686274766921997,NA,10.249103546142578
AJ Minter,NA,0,-0.061309345066547394,NA,10.299470901489258
Adrian Morejon,NA,0,1.5466760396957397,NA,10.308374404907227
Patrick Murphy,NA,0,-0.061309345066547394,NA,10.299470901489258
Hector Neris,NA,0,-0.061309345066547394,NA,10.299470901489258
Jake Odorizzi,NA,0,1.5466760396957397,NA,10.308374404907227
Connor Overton,NA,2,66.29769134521484,NA,68.913909912109375
Yefry Ramirez,NA,0,3.1065313816070557,NA,10.128613471984863
Jake Reed,NA,0,1.5466760396957397,NA,10.308374404907227
Alex Reyes,NA,0,1.5466760396957397,NA,10.308374404907227
Trevor Richards,NA,NA,30.17789077758789,NA,27.669757843017578
Manuel Rodriguez,NA,0,-0.061309345066547394,NA,10.299470901489258
Ramon Rosso,NA,NA,1.5686274766921997,NA,10.249103546142578
Michael Rucker,NA,0,-0.061309345066547394,NA,10.299470901489258
Jose Ruiz,NA,0,1.5466760396957397,NA,10.308374404907227
Chris Sale,NA,0,-0.061309345066547394,NA,10.299470901489258
Miguel Sanchez,NA,0,1.5466760396957397,NA,10.308374404907227
Edgar Santana,NA,0,-0.061309345066547394,NA,10.299470901489258
Josh Sborz,NA,0,-0.061309345066547394,NA,10.299470901489258
James Sherfy,NA,0,1.5466760396957397,NA,10.308374404907227
Drew Smith,NA,0,1.5466760396957397,NA,10.308374404907227
Jose Suarez,NA,0,-0.061309345066547394,NA,10.299470901489258
Thomas Szapucki,NA,0,-0.061309345066547394,NA,10.299470901489258
Justin Topa,NA,0,-0.061309345066547394,NA,10.299470901489258
Jose Urena,NA,0,-0.061309345066547394,NA,10.299470901489258
Brandon Waddell,NA,0,-0.061309345066547394,NA,10.299470901489258
Tony Watson,NA,0,-0.061309345066547394,NA,10.299470901489258
Tyler Webb,NA,0,-0.061309345066547394,NA,10.299470901489258
Cody Wilson,NA,0,1.5466760396957397,NA,10.308374404907227
Dan Winkler,NA,0,1.5466760396957397,NA,10.308374404907227
Matt Wisler,NA,0,-0.061309345066547394,NA,10.299470901489258
Tyler Zuber,NA,0,-0.061309345066547394,NA,10.299470901489258
Mario Feliciano,NA,NA,20.366497039794922,NA,40.67647171020508
Javy Guerra,NA,NA,1.5466760396957397,NA,10.308374404907227
Javy Guerra,NA,NA,1.5466760396957397,NA,10.584099769592285
Michael Lorenzen,NA,NA,2.4206931591033936,0,10.584099769592285
Ryan Vilade,NA,NA,9.344890594482422,0.143,27.28777313232422
Taylor Davis,NA,NA,28.1497745513916,0.9,86.81165313720703
Trey Amburgey,NA,NA,2.9131252765655518,0,12.190743446350098
Andre Jackson,NA,NA,3.225984573364258,0,13.00757122039795
Bruce Zimmermann,NA,NA,3.225984573364258,0,13.00757122039795
Jaime Barria,NA,NA,3.6369898319244385,0,12.522185325622559
Tanner Anderson,NA,NA,2.083706855773926,0,10.575152397155762
Chris Bassitt,NA,NA,2.0440990924835205,0,10.584099769592285
Mike Foltynewicz,NA,NA,2.0440990924835205,0,10.584099769592285
Zack Greinke,NA,NA,2.3090295791625977,0,10.584099769592285
Jakob Junis,NA,NA,2.3090295791625977,0,10.589391708374023
Darren McCaughan,NA,NA,1.4193692207336426,0,10.319496154785156
Steven Okert,NA,NA,2.083706855773926,0,10.575152397155762
Wily Peralta,NA,NA,21.262863159179687,0.5,39.73613739013672
Zach Pop,NA,NA,2.3090295791625977,0,10.589391708374023
Jefry Rodriguez,NA,NA,2.3090295791625977,0,10.584099769592285
Justus Sheffield,NA,NA,28.679447174072266,1,69.60192108154297
David Bednar,NA,NA,2.4206931591033936,0,10.584099769592285
Alec Bettinger,NA,NA,2.4206931591033936,0,10.584099769592285
Richard Bleier,NA,NA,1.5466760396957397,NA,10.313666343688965
Ryan Castellani,NA,NA,1.5466760396957397,0,10.308374404907227
Alex Cobb,NA,NA,1.5466760396957397,0,10.308374404907227
Sam Coonrod,NA,NA,2.4206931591033936,0,10.584099769592285
Hans Crouse,NA,NA,2.4206931591033936,0,10.584099769592285
Scott Effross,NA,NA,1.9806616306304932,NA,10.587545394897461
Junior Fernandez,NA,NA,2.4206931591033936,0,10.584099769592285
Josh Fleming,NA,NA,2.4206931591033936,0,10.584099769592285
Javy Guerra,NA,NA,2.4206931591033936,0,10.308374404907227
Javy Guerra,NA,NA,2.4206931591033936,0,10.584099769592285
Heath Hembree,NA,NA,2.4206931591033936,0,10.584099769592285
Tommy Hunter,NA,NA,44.145748138427734,2,97.46504211425781
Jake Jewell,NA,NA,2.4206931591033936,0,10.584099769592285
Tyler Ladendorf,NA,NA,1.5466760396957397,0,10.308374404907227
Luis Madero,NA,NA,1.5466760396957397,0,10.308374404907227
Kyle McGowin,NA,NA,2.4206931591033936,0,10.584099769592285
Shelby Miller,NA,NA,1.5466760396957397,0,10.308374404907227
Packy Naughton,NA,NA,2.4206931591033936,0,10.584099769592285
Stephen Nogosek,NA,NA,2.4206931591033936,0,10.584099769592285
Sean Poppen,NA,NA,2.4206931591033936,0,10.584099769592285
Sam Selman,NA,NA,2.4206931591033936,0,10.584099769592285
Wander Suero,NA,NA,1.5466760396957397,0,10.308374404907227
Nick Tropeano,NA,NA,2.4206931591033936,0,10.584099769592285
Jordan Zimmermann,NA,NA,2.4206931591033936,0,10.584099769592285
